score,total_mape,grid_year_mape,grade_total_mape,grade_year_mape,total_mae,grid_year_mae,grade_total_mae,grade_year_mae,runs,seed,turnover,first_child,second_child,third_child,student_exit,early_birth,later_birth,tk8_exit,high_exit,special_exit,same_school_year,tkk_weight,elementary_weight,middle_weight,high_weight,special_weight
0.10224213649928941,0.027208792549748808,0.22249439155057527,0.026051032747068277,0.09916124084849942,173.09999999999934,111.61087962962964,166.4333333333334,45.27777777777778,20,1498717,0.05,0.7,0.55,0.2,0,0.04,0.005,0,0,0,0.5,0.35,0.45,0.15,0.04,0.01
0.10227678332680087,0.026104152808729145,0.21783281978175514,0.02494500940122255,0.1017579470556622,166.37222222222258,110.42804152637486,159.7055555555555,46.47777777777778,20,1490798,0.05,0.7,0.55,0.2,0,0.04,0,0,0,0,0.5,0.35,0.45,0.15,0.04,0.01
0.10335951731226843,0.03445608554758793,0.21359028660070353,0.03328166945771904,0.10060926865570269,217.5888888888884,108.88006172839506,210.69999999999993,45.82301587301586,20,1593745,0.05,0.75,0.5,0.15,0,0.04,0.005,0,0,0,0.5,0.35,0.45,0.15,0.04,0.01
0.10358593349312681,0.03507324944465309,0.2158002396993487,0.03389951002675487,0.09980782143972226,221.17222222222213,108.4335199214366,214.28333333333296,45.16626984126984,20,1562069,0.05,0.75,0.45,0.2,0,0.04,0.005,0,0,0,0.5,0.35,0.45,0.15,0.04,0.01
0.10366991169514245,0.02724486309846292,0.2247439185612422,0.02637912900798444,0.10109533810671024,174.66111111111118,110.25687429854096,170.04999999999998,46.39880952380952,20,1657097,0.05,0.75,0.55,0.15,0,0.04,0.005,0,0,0,0.5,0.35,0.45,0.15,0.04,0.01
0.10377641248818376,0.03547979106123263,0.21580214435230094,0.03430601719263125,0.09994409259870757,225.0000000000002,108.7247839506173,218.1111111111112,45.37142857142857,20,1467041,0.05,0.7,0.55,0.15,0,0.04,0.005,0,0,0,0.5,0.35,0.45,0.15,0.04,0.01
0.10379949351099871,0.027835666492756303,0.22421568914573994,0.02668071145446832,0.10121131146804767,175.772222222222,112.09487934904601,169.10555555555564,46.236111111111114,20,1649178,0.05,0.75,0.55,0.15,0,0.04,0,0,0,0,0.5,0.35,0.45,0.15,0.04,0.01
0.10387892658736861,0.03561816835289802,0.21534303395678536,0.034444794459602544,0.10024973858028426,225.55555555555515,110.22279461279462,218.66666666666677,45.823015873015876,20,1554150,0.05,0.75,0.45,0.2,0,0.04,0,0,0,0,0.5,0.35,0.45,0.15,0.04,0.01
0.1039723620876914,0.03583204311509404,0.21570025723317146,0.03465838543238874,0.10016539541305776,226.8388888888887,108.77617424242425,219.94999999999993,45.74523809523809,20,1427446,0.05,0.7,0.5,0.2,0,0.04,0,0,0,0,0.5,0.35,0.45,0.15,0.04,0.01
0.10424603200113647,0.02923026017237812,0.22658261706321545,0.028051751759348025,0.10032086107355989,182.638888888889,114.72631453423121,175.75,45.597619047619055,20,1086929,0.045,0.75,0.55,0.15,0,0.04,0.005,0,0,0,0.5,0.35,0.45,0.15,0.04,0.01
0.10426063318002379,0.036111726023026765,0.21734876964929414,0.034937819732757995,0.09991472288651386,229.19444444444423,108.31751122334455,222.30555555555586,45.544841269841264,20,1308661,0.05,0.65,0.55,0.2,0,0.04,0.005,0,0,0,0.5,0.35,0.45,0.15,0.04,0.01
0.10449177568178611,0.02698757977032504,0.2315325891744521,0.025830863200110885,0.10017796783159633,171.67777777777792,111.58234848484848,165.01111111111095,46.15674603174604,20,1625421,0.05,0.75,0.5,0.2,0,0.04,0.005,0,0,0,0.5,0.35,0.45,0.15,0.04,0.01
0.1046087012934863,0.03524648701729147,0.21753065700119414,0.03407170340853125,0.10105724757612006,224.1555555555555,109.79849747474748,217.26666666666733,45.80357142857143,20,1585826,0.05,0.75,0.5,0.15,0,0.04,0,0,0,0,0.5,0.35,0.45,0.15,0.04,0.01
0.10469979777227442,0.030484062088543238,0.22612538647326572,0.029305028592522844,0.10065900370211663,191.5444444444444,115.31004489337823,184.6555555555553,46.03253968253969,20,920630,0.045,0.7,0.55,0.2,0,0.04,0,0,0,0,0.5,0.35,0.45,0.15,0.04,0.01
0.10470624374734111,0.035780529781883105,0.21518059508181184,0.03463269804365354,0.10187193159282763,228.98888888888874,103.36313832772166,222.32222222222177,46.40039682539682,20,1324499,0.05,0.65,0.55,0.2,0,0.055,0.005,0,0,0,0.5,0.35,0.45,0.15,0.04,0.01
0.1049219243803068,0.035855563026642806,0.22156540955182003,0.034682363341757824,0.09970434712389989,227.50555555555547,109.1534595959596,220.61666666666667,44.764682539682525,20,1435365,0.05,0.7,0.5,0.2,0,0.04,0.005,0,0,0,0.5,0.35,0.45,0.15,0.04,0.01
0.10517315127836771,0.03600747339916541,0.2162711004429807,0.03561231156199925,0.10223337834004388,243.6388888888887,107.72299523007854,242.30555555555577,46.95714285714285,20,1641259,0.05,0.75,0.5,0.2,0,0.055,0.005,0,0,0,0.5,0.35,0.45,0.15,0.04,0.01
0.10522013093653157,0.0359672164828512,0.21628798125499488,0.0348194242626534,0.10234473948135447,229.15000000000003,104.49771885521886,222.48333333333377,46.507936507936506,20,1451203,0.05,0.7,0.5,0.2,0,0.055,0.005,0,0,0,0.5,0.35,0.45,0.15,0.04,0.01
0.10524752233081816,0.02913963940688515,0.22755626293563613,0.027960915546005716,0.10198875584325079,181.19999999999982,113.9785942760943,174.31111111111102,46.162698412698404,20,1055253,0.045,0.75,0.5,0.2,0,0.04,0.005,0,0,0,0.5,0.35,0.45,0.15,0.04,0.01
0.1052762087943465,0.030990635000328552,0.23085159903508026,0.029812180422071535,0.09961739697446377,194.31666666666672,115.47094416386082,187.4277777777774,44.95039682539684,20,1047334,0.045,0.75,0.5,0.2,0,0.04,0,0,0,0,0.5,0.35,0.45,0.15,0.04,0.01
0.1053309847755414,0.035134238217928784,0.22105041633842842,0.03398641247027431,0.10116126008495413,223.68888888888918,103.76848484848485,217.0222222222222,46.16111111111111,20,1601664,0.05,0.75,0.5,0.15,0,0.055,0,0,0,0,0.5,0.35,0.45,0.15,0.04,0.01
0.10535868625543199,0.036970532102753674,0.22135326906482794,0.03579804342021495,0.09999374562328057,234.96111111111097,108.92592732884401,228.07222222222177,45.574603174603155,20,1300742,0.05,0.65,0.55,0.2,0,0.04,0,0,0,0,0.5,0.35,0.45,0.15,0.04,0.01
0.10547448242749873,0.03683234538904845,0.21641485090590132,0.035685810793596735,0.10228361725920784,235.87222222222226,103.90416386083054,229.2055555555555,46.2920634920635,20,1316580,0.05,0.65,0.55,0.2,0,0.055,0,0,0,0,0.5,0.35,0.45,0.15,0.04,0.01
0.10556585072867644,0.03554949534148791,0.22116432849873902,0.03440106865630119,0.10133627285296455,226.21666666666644,104.00280162738498,219.55000000000007,45.87579365079366,20,1474960,0.05,0.7,0.55,0.15,0,0.055,0,0,0,0,0.5,0.35,0.45,0.15,0.04,0.01
0.1056303034715722,0.036677294314426304,0.22542881664199987,0.03550412613516064,0.09908270369768869,233.2722222222223,110.00269079685746,226.3833333333332,45.05396825396824,20,1459122,0.05,0.7,0.55,0.15,0,0.04,0,0,0,0,0.5,0.35,0.45,0.15,0.04,0.01
0.1057221514463498,0.03534650161786254,0.21999205504011016,0.03419693130758053,0.10223957990593803,226.31111111111125,103.9661714365881,219.64444444444416,46.48968253968255,20,1577907,0.05,0.75,0.45,0.2,0,0.055,0.005,0,0,0,0.5,0.35,0.45,0.15,0.04,0.01
0.10587947753369388,0.02788229574579974,0.23483919097168446,0.02672569333948338,0.10109390123123413,177.37777777777762,111.34329264870931,170.71111111111108,46.326587301587296,20,1617502,0.05,0.75,0.5,0.2,0,0.04,0,0,0,0,0.5,0.35,0.45,0.15,0.04,0.01
0.10588541468790116,0.03690567977375262,0.21490504706884658,0.03651050240186815,0.10366540268401213,249.12777777777734,107.09248877665544,247.7944444444439,47.150000000000006,20,1506636,0.05,0.7,0.55,0.2,0,0.055,0,0,0,0,0.5,0.35,0.45,0.15,0.04,0.01
0.10608044434030013,0.029880263667239188,0.23113137838345732,0.028700347414621727,0.10178017912687382,187.19444444444485,116.10174242424243,180.30555555555534,46.23730158730159,20,1079010,0.045,0.75,0.55,0.15,0,0.04,0,0,0,0,0.5,0.35,0.45,0.15,0.04,0.01
0.10612800343629555,0.03542215546401539,0.22009933650071714,0.03427082639834409,0.10296297899389502,230.7944444444441,109.77933361391696,224.12777777777833,47.10555555555555,20,1071091,0.045,0.75,0.5,0.2,0,0.055,0.005,0,0,0,0.5,0.35,0.45,0.15,0.04,0.01
0.10624601258254762,0.03471059393812259,0.22713863148579666,0.03355544016695432,0.10081021620790301,227.0944444444449,110.2634960718294,220.4277777777776,45.8313492063492,20,936468,0.045,0.7,0.55,0.2,0,0.055,0,0,0,0,0.5,0.35,0.45,0.15,0.04,0.01
0.10630794152645442,0.03485706004720765,0.22354764394605375,0.0337036117645859,0.10228258944616275,226.42222222222244,111.2989478114478,219.7555555555558,46.534920634920645,20,944387,0.045,0.7,0.55,0.2,0,0.055,0.005,0,0,0,0.5,0.35,0.45,0.15,0.04,0.01
0.10633070956291084,0.03473111241210848,0.22107328185726638,0.03358135088349645,0.10339343893565003,221.82777777777835,104.28381172839505,215.1611111111111,47.09722222222222,20,1609583,0.05,0.75,0.5,0.15,0,0.055,0.005,0,0,0,0.5,0.35,0.45,0.15,0.04,0.01
0.1063923556894799,0.0347336387973324,0.2222265573428535,0.03358332205203901,0.10305390516341896,222.93333333333328,103.39113075196408,216.26666666666702,46.66031746031747,20,1569988,0.05,0.75,0.45,0.2,0,0.055,0,0,0,0,0.5,0.35,0.45,0.15,0.04,0.01
0.10655248198789527,0.04454566278580442,0.20152016412528445,0.043380431525566684,0.10576950065419409,282.89444444444416,102.29337401795736,276.0055555555555,48.29999999999999,20,1253228,0.05,0.65,0.5,0.2,0,0.055,0,0,0,0,0.5,0.35,0.45,0.15,0.04,0.01
0.10655432356952958,0.042425943496624374,0.21655049307703358,0.041259488582045194,0.1010328838102711,271.14444444444393,114.83454124579124,264.2555555555555,46.266269841269846,20,730574,0.045,0.65,0.55,0.2,0,0.04,0,0,0,0,0.5,0.35,0.45,0.15,0.04,0.01
0.10669186019009491,0.03389346664752485,0.22522800487827332,0.03274320363407738,0.10295643844036557,216.45000000000013,104.7531313131313,209.78333333333325,46.61825396825397,20,1482879,0.05,0.7,0.55,0.15,0,0.055,0.005,0,0,0,0.5,0.35,0.45,0.15,0.04,0.01
0.10690823886782728,0.03378533887047886,0.22911050532109373,0.03263215955732884,0.10190107228492976,219.10555555555564,112.01716189674522,212.43888888888887,46.088888888888896,20,1094848,0.045,0.75,0.55,0.15,0,0.055,0,0,0,0,0.5,0.35,0.45,0.15,0.04,0.01
0.10697252581980303,0.04239672676484605,0.2055373107782661,0.04123004447838274,0.10629209126939199,269.28888888888895,102.94172558922558,262.40000000000026,48.8234126984127,20,1419527,0.05,0.7,0.5,0.15,0,0.055,0.005,0,0,0,0.5,0.35,0.45,0.15,0.04,0.01
0.10710977690242901,0.035153460522924625,0.21916227066848368,0.03400450231816015,0.10546256922370978,225.14444444444456,103.45925364758696,218.4777777777783,48.174206349206344,20,1443284,0.05,0.7,0.5,0.2,0,0.055,0,0,0,0,0.5,0.35,0.45,0.15,0.04,0.01
0.10716428746920173,0.038402110378519594,0.2193679896731403,0.03726061691232302,0.1035401128420356,241.8388888888889,108.46811447811449,235.17222222222205,46.94761904761904,20,999820,0.045,0.75,0.45,0.2,0,0.055,0,0,0,0,0.5,0.35,0.45,0.15,0.04,0.01
0.1071952251191248,0.03432590612261929,0.22937009558901242,0.03317845750340123,0.10204686832907306,217.39444444444456,116.38971941638607,210.7277777777775,46.53492063492063,20,366300,0.04,0.7,0.55,0.2,0,0.055,0,0,0,0,0.5,0.35,0.45,0.15,0.04,0.01
0.10721182915998739,0.027358779155197622,0.24479834468395406,0.026205024022405567,0.10008905295327457,171.0444444444447,126.81064253647588,164.37777777777805,45.906349206349205,20,548437,0.04,0.75,0.55,0.2,0,0.04,0.005,0,0,0,0.5,0.35,0.45,0.15,0.04,0.01
0.10725596605067017,0.03776299812475792,0.216727386612457,0.036619917963016016,0.10516317858150277,238.81111111111093,107.24529461279462,232.14444444444447,48.13373015873016,20,912711,0.045,0.7,0.55,0.15,0,0.055,0.005,0,0,0,0.5,0.35,0.45,0.15,0.04,0.01
0.10733945740276099,0.03772948240287296,0.21948384939172808,0.036586571057483634,0.10424768560710698,237.6611111111115,108.04835718294049,230.99444444444464,47.8170634920635,20,1007739,0.045,0.75,0.45,0.2,0,0.055,0.005,0,0,0,0.5,0.35,0.45,0.15,0.04,0.01
0.10735419345422878,0.0348665440863807,0.22595003259981863,0.03371781689439535,0.10340844741670169,222.31666666666712,116.72027497194163,215.65000000000035,47.087698412698415,20,500923,0.04,0.75,0.5,0.2,0,0.055,0.005,0,0,0,0.5,0.35,0.45,0.15,0.04,0.01
0.10742636333234125,0.03774661055901516,0.21916051164690117,0.037352198245626037,0.10454055567051293,256.33333333333354,107.68421857463525,255.0000000000002,47.42301587301588,20,1514555,0.05,0.7,0.55,0.2,0,0.055,0.005,0,0,0,0.5,0.35,0.45,0.15,0.04,0.01
0.10748251875648818,0.031047234636680496,0.23946606367723047,0.029868860548816427,0.10055027126007585,194.60000000000036,117.41492283950619,187.71111111111097,45.90515873015873,20,928549,0.045,0.7,0.55,0.2,0,0.04,0.005,0,0,0,0.5,0.35,0.45,0.15,0.04,0.01
0.10749779528160042,0.042984352200630016,0.21825293014946154,0.0418178679910919,0.10190380718303822,274.3055555555554,115.00545875420877,267.4166666666667,46.526587301587305,20,896873,0.045,0.7,0.55,0.15,0,0.04,0.005,0,0,0,0.5,0.35,0.45,0.15,0.04,0.01
0.10752558602259098,0.04274569534081521,0.2121049806421134,0.04157995196745464,0.10456176258384747,271.2000000000001,102.81885802469135,264.31111111111136,47.83373015873016,20,1538312,0.05,0.75,0.45,0.15,0,0.055,0,0,0,0,0.5,0.35,0.45,0.15,0.04,0.01
0.10756795017966321,0.046125401553922744,0.21123765446869977,0.04496100433694341,0.10296559763949287,296.87777777777796,107.78346661054994,289.98888888888905,47.01865079365079,20,1530393,0.05,0.75,0.45,0.15,0,0.04,0.005,0,0,0,0.5,0.35,0.45,0.15,0.04,0.01
0.10757983565621981,0.027051568397990285,0.24837988488613197,0.025869041264564466,0.09957677631919266,168.75555555555536,125.29794893378227,161.8666666666668,45.61547619047619,20,540518,0.04,0.75,0.55,0.2,0,0.04,0,0,0,0,0.5,0.35,0.45,0.15,0.04,0.01
0.10764798812713522,0.03835270889280015,0.22424861548535574,0.037209957082177225,0.10258490472444806,240.91666666666686,109.16101010101009,234.2500000000001,46.5404761904762,20,881035,0.045,0.7,0.5,0.2,0,0.055,0.005,0,0,0,0.5,0.35,0.45,0.15,0.04,0.01
0.1076706879217331,0.043626720247131816,0.2080062472959428,0.04246001668912277,0.10596284477680998,277.48888888888877,102.77019360269361,270.60000000000014,48.25595238095239,20,1546231,0.05,0.75,0.45,0.15,0,0.055,0.005,0,0,0,0.5,0.35,0.45,0.15,0.04,0.01
0.10769311038221285,0.03749795931091115,0.21880147056991267,0.03710448356269988,0.10536685694991396,252.10000000000016,106.71113496071828,250.76666666666674,48.27103174603175,20,1633340,0.05,0.75,0.5,0.2,0,0.055,0,0,0,0,0.5,0.35,0.45,0.15,0.04,0.01
0.10773266345803742,0.037527833028012186,0.22343403955443314,0.03713240151267325,0.10357501127749429,253.18888888888887,106.9972222222222,251.85555555555564,46.9218253968254,20,1672935,0.05,0.75,0.55,0.15,0,0.055,0.005,0,0,0,0.5,0.35,0.45,0.15,0.04,0.01
0.10776722894000174,0.04247501984575394,0.21893088688459078,0.041307793111610126,0.1024770912187148,271.3611111111112,112.82293630751964,264.472222222222,46.59166666666667,20,991901,0.045,0.75,0.45,0.2,0,0.04,0.005,0,0,0,0.5,0.35,0.45,0.15,0.04,0.01
0.10777345014592796,0.03835224690200089,0.2186144465829748,0.03795788331692941,0.10508977351746546,261.2055555555555,107.48969837261504,259.8722222222228,48.142063492063485,20,1665016,0.05,0.75,0.55,0.15,0,0.055,0,0,0,0,0.5,0.35,0.45,0.15,0.04,0.01
0.10780352936880622,0.04632837106970952,0.21696599849860096,0.04516414506763301,0.10102363669634634,298.30555555555543,110.21935044893378,291.41666666666686,45.97579365079365,20,1237390,0.05,0.65,0.5,0.2,0,0.04,0,0,0,0,0.5,0.35,0.45,0.15,0.04,0.01
0.10795132864642959,0.03391726595918823,0.22940635073489185,0.032761767804631234,0.10378975742338947,221.62222222222206,111.3651332772166,214.9555555555556,47.403571428571425,20,1063172,0.045,0.75,0.5,0.2,0,0.055,0,0,0,0,0.5,0.35,0.45,0.15,0.04,0.01
0.10803202758126518,0.03557636971619993,0.22813645556446277,0.03442848977887452,0.10346365110702527,226.66666666666657,115.89256172839507,220.0000000000001,47.44087301587302,20,374219,0.04,0.7,0.55,0.2,0,0.055,0.005,0,0,0,0.5,0.35,0.45,0.15,0.04,0.01
0.10807072434087805,0.02889913407712981,0.2375673555127925,0.02850406888835331,0.10377502603036122,189.57777777777807,120.71868406285073,188.24444444444453,47.07539682539684,20,1118605,0.045,0.75,0.55,0.2,0,0.04,0.005,0,0,0,0.5,0.35,0.45,0.15,0.04,0.01
0.10807687863880779,0.028348892772001935,0.2412520376280618,0.027954063766775204,0.10264360656318969,184.7277777777778,119.2330625701459,183.39444444444456,47.21111111111111,20,1110686,0.045,0.75,0.55,0.2,0,0.04,0,0,0,0,0.5,0.35,0.45,0.15,0.04,0.01
0.1081133372864729,0.034810845282074454,0.22930523468897426,0.03366388433911179,0.10361807352811143,220.68333333333328,115.6998611111111,214.0166666666661,47.462698412698415,20,524680,0.04,0.75,0.55,0.15,0,0.055,0,0,0,0,0.5,0.35,0.45,0.15,0.04,0.01
0.10818823085515622,0.04192473657350755,0.21483825244293217,0.04075699690078362,0.10528631878903504,267.89444444444456,113.72233585858585,261.0055555555555,48.51507936507936,20,738493,0.045,0.65,0.55,0.2,0,0.04,0.005,0,0,0,0.5,0.35,0.45,0.15,0.04,0.01
0.10830806903057678,0.04290233911890443,0.21063424577321954,0.04173488807013332,0.1066210362805231,273.3555555555556,103.39054573512905,266.4666666666669,48.72063492063492,20,1284904,0.05,0.65,0.55,0.15,0,0.055,0,0,0,0,0.5,0.35,0.45,0.15,0.04,0.01
0.10831622925222281,0.04272207078871717,0.21264684684167584,0.04155644496863066,0.10594047729454496,270.2666666666664,102.55315937149271,263.3777777777775,48.3031746031746,20,1379932,0.05,0.7,0.45,0.2,0,0.055,0,0,0,0,0.5,0.35,0.45,0.15,0.04,0.01
0.1083817633781326,0.04850027560132173,0.20968352081643507,0.047338541098993776,0.10378995306889814,312.8500000000001,109.06877244668911,305.9611111111113,47.40793650793651,20,1364094,0.05,0.7,0.45,0.2,0,0.04,0,0,0,0,0.5,0.35,0.45,0.15,0.04,0.01
0.10843213447236247,0.03283432323956687,0.22661316473942592,0.03244127399191402,0.10651840910521441,225.6611111111109,113.8405948372615,224.32777777777807,49.173809523809524,20,1688773,0.05,0.75,0.55,0.2,0,0.04,0.005,0,0,0,0.5,0.35,0.45,0.15,0.04,0.01
0.10843251330443496,0.0445316367420886,0.21173145842067312,0.043366913526496575,0.10545346119534753,282.9555555555558,102.19744528619526,276.0666666666667,48.63571428571428,20,1261147,0.05,0.65,0.5,0.2,0,0.055,0.005,0,0,0,0.5,0.35,0.45,0.15,0.04,0.01
0.10847724123889496,0.03899857599697702,0.2277520185098519,0.037857854579317486,0.10245452947566293,245.39999999999984,109.03805976430975,238.73333333333326,46.91031746031746,20,1031496,0.045,0.75,0.5,0.15,0,0.055,0,0,0,0,0.5,0.35,0.45,0.15,0.04,0.01
0.1085013833352263,0.042381375387063686,0.22469243150361498,0.04121448661140606,0.10169696883676838,270.37777777777814,115.57098625140293,263.4888888888884,46.0202380952381,20,865197,0.045,0.7,0.5,0.2,0,0.04,0.005,0,0,0,0.5,0.35,0.45,0.15,0.04,0.01
0.10854329607711,0.03431407443674848,0.2329364585202208,0.033161155754975274,0.10332356408408257,222.74444444444413,113.19263608305275,216.07777777777756,46.660317460317465,20,1102767,0.045,0.75,0.55,0.15,0,0.055,0.005,0,0,0,0.5,0.35,0.45,0.15,0.04,0.01
0.10856633383977303,0.037691069853102645,0.2241588487737556,0.03654749073698162,0.10485448625818222,238.73333333333377,108.6173246352413,232.0666666666664,47.364285714285714,20,904792,0.045,0.7,0.55,0.15,0,0.055,0,0,0,0,0.5,0.35,0.45,0.15,0.04,0.01
0.10857659833468239,0.03614792505254236,0.22627750455601797,0.035000864560229654,0.10495343981543218,230.12777777777754,114.95128928170597,223.46111111111097,48.03015873015873,20,493004,0.04,0.75,0.5,0.2,0,0.055,0,0,0,0,0.5,0.35,0.45,0.15,0.04,0.01
0.10868465403213151,0.045672397181021895,0.2062038529473572,0.04450929622687362,0.10748432857670699,291.0000000000003,100.71447671156005,284.1111111111114,49.343650793650795,20,1387851,0.05,0.7,0.45,0.2,0,0.055,0.005,0,0,0,0.5,0.35,0.45,0.15,0.04,0.01
0.10873257825562538,0.047023006342831845,0.21794173368919464,0.045858923928298795,0.10207465922987378,303.1722222222222,109.01443041526375,296.28333333333313,46.761904761904766,20,1395770,0.05,0.7,0.5,0.15,0,0.04,0,0,0,0,0.5,0.35,0.45,0.15,0.04,0.01
0.10878244709314966,0.03878050698196063,0.22023960796664147,0.037640454015155304,0.10620074681046635,244.05555555555597,109.05049382716051,237.38888888888889,48.54642857142857,20,746412,0.045,0.65,0.55,0.2,0,0.055,0,0,0,0,0.5,0.35,0.45,0.15,0.04,0.01
0.10883649905830177,0.04789519003663931,0.2111847708452711,0.04673297000094609,0.1044619757565115,308.69444444444423,108.38830948372613,301.80555555555543,47.72261904761905,20,1403689,0.05,0.7,0.5,0.15,0,0.04,0.005,0,0,0,0.5,0.35,0.45,0.15,0.04,0.01
0.10885069507867691,0.0495665177399706,0.20746865105394127,0.04840482466907695,0.10497401909179495,320.0222222222219,109.46382716049385,313.1333333333326,48.26984126984127,20,1276985,0.05,0.65,0.55,0.15,0,0.04,0.005,0,0,0,0.5,0.35,0.45,0.15,0.04,0.01
0.10903544811715635,0.041868960846525284,0.2246541049883387,0.04070110064904687,0.10308787773106205,268.08888888888873,114.62104938271604,261.20000000000033,46.726587301587315,20,857278,0.045,0.7,0.5,0.2,0,0.04,0,0,0,0,0.5,0.35,0.45,0.15,0.04,0.01
0.10906639314740528,0.03860569453428841,0.22106384580150695,0.03746194979861192,0.10654383125363473,244.07222222222268,107.55436447811446,237.40555555555582,49,20,873116,0.045,0.7,0.5,0.2,0,0.055,0,0,0,0,0.5,0.35,0.45,0.15,0.04,0.01
0.10913699396145266,0.04340417811548542,0.21741156085819713,0.042237080012392424,0.1052668567103352,276.58333333333354,112.9322558922559,269.69444444444457,48.30833333333334,20,429652,0.04,0.75,0.45,0.2,0,0.055,0,0,0,0,0.5,0.35,0.45,0.15,0.04,0.01
0.10919368232421106,0.03336014795346143,0.23160615645411964,0.032967702543947514,0.10572881329469741,229.55555555555554,115.33283810325474,228.22222222222203,48.4952380952381,20,1680854,0.05,0.75,0.55,0.2,0,0.04,0,0,0,0,0.5,0.35,0.45,0.15,0.04,0.01
0.10928827426113014,0.04764276771501838,0.21210987487236094,0.046479011699856715,0.10514693794430487,307.8000000000006,109.10758136924804,300.9111111111112,48.03412698412698,20,1372013,0.05,0.7,0.45,0.2,0,0.04,0.005,0,0,0,0.5,0.35,0.45,0.15,0.04,0.01
0.10936872909955683,0.038213542188653644,0.22949911382643343,0.03707184861958867,0.1040096873553481,241.29444444444502,108.41121773288438,234.62777777777785,47.1968253968254,20,1039415,0.045,0.75,0.5,0.15,0,0.055,0.005,0,0,0,0.5,0.35,0.45,0.15,0.04,0.01
0.10937339387529221,0.03489737525137147,0.2308362161722442,0.03374854216318532,0.10547387613086386,222.97222222222183,114.87076178451179,216.30555555555566,48.220634920634915,20,532599,0.04,0.75,0.55,0.15,0,0.055,0.005,0,0,0,0.5,0.35,0.45,0.15,0.04,0.01
0.10941161653088596,0.04777509893954837,0.2144264096506067,0.04661289768596825,0.10438760983780024,307.7722222222224,108.51187149270481,300.8833333333335,47.826587301587296,20,1269066,0.05,0.65,0.55,0.15,0,0.04,0,0,0,0,0.5,0.35,0.45,0.15,0.04,0.01
0.10946570481082823,0.04438005434828233,0.21412032739163936,0.04321458770844755,0.10665524605603131,282.8000000000002,103.88374298540967,275.9111111111107,48.35396825396825,20,1411608,0.05,0.7,0.5,0.15,0,0.055,0,0,0,0,0.5,0.35,0.45,0.15,0.04,0.01
0.10948300555932322,0.035935777849230605,0.23793655783950302,0.03476243040900264,0.10222992127330686,227.28333333333305,121.37109567901234,220.39444444444436,46.67738095238095,20,350462,0.04,0.7,0.55,0.2,0,0.04,0,0,0,0,0.5,0.35,0.45,0.15,0.04,0.01
0.10957023339068156,0.04393343676454446,0.21285260255433902,0.04276772599456046,0.10763936370090083,280.34999999999945,102.40222362514028,273.46111111111065,49.24801587301587,20,1292823,0.05,0.65,0.55,0.15,0,0.055,0.005,0,0,0,0.5,0.35,0.45,0.15,0.04,0.01
0.10958974958563997,0.040889601281606076,0.231069217974644,0.0397211770585282,0.1022180512124587,260.6666666666672,114.1489590347924,253.77777777777797,46.68015873015874,20,1023577,0.045,0.75,0.5,0.15,0,0.04,0.005,0,0,0,0.5,0.35,0.45,0.15,0.04,0.01
0.10966868122587295,0.03874363470586733,0.2362784400541715,0.037574675820876605,0.10157980560655688,246.0277777777775,121.64061167227835,239.138888888889,46.55079365079365,20,358381,0.04,0.7,0.55,0.2,0,0.04,0.005,0,0,0,0.5,0.35,0.45,0.15,0.04,0.01
0.10983982697304523,0.038325385138564844,0.22259784528363033,0.037183111656548744,0.10764528474949941,242.12222222222246,108.594617003367,235.4555555555553,49.204365079365076,20,754331,0.045,0.65,0.55,0.2,0,0.055,0.005,0,0,0,0.5,0.35,0.45,0.15,0.04,0.01
0.10996367230665885,0.04875856077938273,0.21317826731905717,0.04759674795604099,0.10540090121806518,314.3833333333331,110.01363355780023,307.4944444444444,48.477777777777774,20,1522474,0.05,0.75,0.45,0.15,0,0.04,0,0,0,0,0.5,0.35,0.45,0.15,0.04,0.01
0.11000767490306285,0.0437194254254982,0.22375981215685808,0.0425524235761153,0.10427976968808356,280.6833333333336,114.98858024691357,273.7944444444443,47.58373015873016,20,1015658,0.045,0.75,0.5,0.15,0,0.04,0,0,0,0,0.5,0.35,0.45,0.15,0.04,0.01
0.11014670320435888,0.0370203176015314,0.23333050349120374,0.03584867763712973,0.10474901445131739,235.34444444444438,122.98709315375984,228.455555555556,48.04761904761905,20,477166,0.04,0.75,0.5,0.2,0,0.04,0,0,0,0,0.5,0.35,0.45,0.15,0.04,0.01
0.11040120829340616,0.0365655080689089,0.23962514925505662,0.03539397249148793,0.10301305204344434,231.46666666666664,121.85141975308642,224.57777777777767,46.96626984126984,20,516761,0.04,0.75,0.55,0.15,0,0.04,0.005,0,0,0,0.5,0.35,0.45,0.15,0.04,0.01
0.1104194363658959,0.042574171727820805,0.22471997598218962,0.04140717351630227,0.10540637930222349,272.5944444444442,114.87667087542087,265.7055555555557,48.103571428571435,20,888954,0.045,0.7,0.55,0.15,0,0.04,0,0,0,0,0.5,0.35,0.45,0.15,0.04,0.01
0.11062403367535312,0.04368016116363432,0.22185597483940855,0.042515651387722585,0.10629758071676222,277.05555555555554,112.5382140852974,270.16666666666674,48.63412698412698,20,302948,0.04,0.7,0.5,0.2,0,0.055,0,0,0,0,0.5,0.35,0.45,0.15,0.04,0.01
0.1106948462466617,0.04286331033990509,0.22635257996987956,0.0416964019168444,0.10513067430142853,272.48333333333346,112.57032968574634,265.5944444444442,48.035714285714285,20,176244,0.04,0.65,0.55,0.2,0,0.055,0,0,0,0,0.5,0.35,0.45,0.15,0.04,0.01
0.11079772082617387,0.0442771765743413,0.22396823539466792,0.04311421726187759,0.10544184154987578,280.43888888888875,113.21033249158249,273.5500000000003,48.51031746031745,20,334624,0.04,0.7,0.55,0.15,0,0.055,0,0,0,0,0.5,0.35,0.45,0.15,0.04,0.01
0.11087665061234418,0.049878368804020606,0.2099043147019635,0.048719636853343525,0.10786455406149059,318.64999999999975,108.44751683501684,311.76111111111106,49.602777777777774,20,722655,0.045,0.65,0.55,0.15,0,0.055,0.005,0,0,0,0.5,0.35,0.45,0.15,0.04,0.01
0.11088995702995548,0.048747452034913805,0.21183997849933633,0.04758680187013789,0.10779545143922814,311.75555555555485,107.00755190796856,304.8666666666668,49.61785714285714,20,849359,0.045,0.7,0.5,0.15,0,0.055,0.005,0,0,0,0.5,0.35,0.45,0.15,0.04,0.01
0.11089909636854543,0.04082100147817398,0.23239502595177472,0.04042969932350483,0.10434758146947659,282.0055555555551,115.5675505050505,280.67222222222205,48.21547619047619,20,1134443,0.045,0.75,0.55,0.2,0,0.055,0.005,0,0,0,0.5,0.35,0.45,0.15,0.04,0.01
0.11093591566640164,0.03607865709122979,0.2382378696729225,0.03490591069156543,0.10492948920889641,228.8222222222222,121.92885942760942,221.9333333333334,47.94126984126984,20,508842,0.04,0.75,0.55,0.15,0,0.04,0,0,0,0,0.5,0.35,0.45,0.15,0.04,0.01
0.11100285421746542,0.04906501660001043,0.21773464681956028,0.04790359515071144,0.10547283974710046,316.91111111111087,109.13957631874298,310.0222222222228,47.942460317460316,20,1245309,0.05,0.65,0.5,0.2,0,0.04,0.005,0,0,0,0.5,0.35,0.45,0.15,0.04,0.01
0.11113158999035341,0.037593285994346526,0.2376999270493565,0.03720133958188632,0.10462723756435632,252.2722222222219,121.03518378226711,250.93888888888867,48.003571428571426,20,556356,0.04,0.75,0.55,0.2,0,0.055,0,0,0,0,0.5,0.35,0.45,0.15,0.04,0.01
0.11114772500272085,0.03845587597298434,0.23717103663547434,0.03728688207802798,0.10435350976746137,244.07777777777787,122.32563552188549,237.18888888888875,46.99404761904762,20,485085,0.04,0.75,0.5,0.2,0,0.04,0.005,0,0,0,0.5,0.35,0.45,0.15,0.04,0.01
0.11125859778807765,0.04958154276074314,0.20975824227507012,0.04842016882528748,0.10886497300968134,317.89444444444445,106.85090768799103,311.0055555555559,49.97777777777779,20,690979,0.045,0.65,0.5,0.2,0,0.055,0.005,0,0,0,0.5,0.35,0.45,0.15,0.04,0.01
0.11159663892405326,0.04141339658479606,0.23075830164629066,0.040244986281643795,0.10604191923871263,262.5277777777776,114.2390460157127,255.63888888888908,48.435317460317464,20,461328,0.04,0.75,0.5,0.15,0,0.055,0,0,0,0,0.5,0.35,0.45,0.15,0.04,0.01
0.11160435103707975,0.03638534937476663,0.2382973375591596,0.035602214993794616,0.10605855742563568,242.7277777777779,119.84610830527498,238.67222222222213,48.587698412698415,20,564275,0.04,0.75,0.55,0.2,0,0.055,0.005,0,0,0,0.5,0.35,0.45,0.15,0.04,0.01
0.11166467617263212,0.04293022415219177,0.22949822999179892,0.04176464955021911,0.10577192585722962,272.3888888888893,113.4195987654321,265.5,48.717460317460315,20,342543,0.04,0.7,0.55,0.15,0,0.055,0.005,0,0,0,0.5,0.35,0.45,0.15,0.04,0.01
0.11173554176103254,0.043532198629424514,0.22793277237410844,0.04236673498966825,0.10617865539476698,276.7277777777776,114.16032547699213,269.8388888888888,49.02142857142857,20,184163,0.04,0.65,0.55,0.2,0,0.055,0.005,0,0,0,0.5,0.35,0.45,0.15,0.04,0.01
0.1119347586964555,0.04346285917907648,0.2347591727085739,0.04229778233440705,0.10388813280203556,277.9888888888893,116.06408950617285,271.0999999999997,47.18373015873016,20,983982,0.045,0.75,0.45,0.2,0,0.04,0,0,0,0,0.5,0.35,0.45,0.15,0.04,0.01
0.11204295806564177,0.04916649548092856,0.21010713493981417,0.04800523607294018,0.11054316486680074,315.1944444444441,107.46347502805835,308.3055555555554,50.783730158730165,20,968144,0.045,0.75,0.45,0.15,0,0.055,0,0,0,0,0.5,0.35,0.45,0.15,0.04,0.01
0.11213999079621256,0.04779237779205443,0.22380327853970472,0.046631196014119455,0.10608324350131057,307.8888888888889,120.19748035914705,301.0000000000004,48.511904761904766,20,445490,0.04,0.75,0.5,0.15,0,0.04,0,0,0,0,0.5,0.35,0.45,0.15,0.04,0.01
0.11216412017028633,0.04911892339175922,0.21842922545891974,0.04795874267597525,0.10748519612194923,314.1055555555556,107.72070987654321,307.2166666666665,49.32420634920636,20,683060,0.045,0.65,0.5,0.2,0,0.055,0,0,0,0,0.5,0.35,0.45,0.15,0.04,0.01
0.11217790804896571,0.05048625105169359,0.21176694337198534,0.04932781990928483,0.10935728811812112,323.8055555555554,108.8607842312009,316.91666666666646,49.93174603174604,20,809764,0.045,0.7,0.45,0.2,0,0.055,0,0,0,0,0.5,0.35,0.45,0.15,0.04,0.01
0.11220983694207176,0.041521065155254853,0.23753530258967379,0.04113023125991002,0.1044929137551211,287.9333333333335,117.1047643097643,286.6000000000001,48.3079365079365,20,1126524,0.045,0.75,0.55,0.2,0,0.055,0,0,0,0,0.5,0.35,0.45,0.15,0.04,0.01
0.11221887655034918,0.05626761251400844,0.21272715286741883,0.05511284497652339,0.10558632444532577,368.51111111111106,115.29804573512905,361.62222222222255,48.456746031746036,20,793926,0.045,0.7,0.45,0.2,0,0.04,0,0,0,0,0.5,0.35,0.45,0.15,0.04,0.01
0.11235157018629302,0.04408848066569917,0.22508799655254885,0.042923869041050416,0.10821485335214699,279.71666666666636,113.84188271604938,272.82777777777756,49.78055555555556,20,437571,0.04,0.75,0.45,0.2,0,0.055,0.005,0,0,0,0.5,0.35,0.45,0.15,0.04,0.01
0.11247826592146332,0.05669016499268642,0.20299042183119181,0.055537033809038946,0.10974626411483805,365.2777777777774,103.86172699214366,358.3888888888889,50.25357142857143,20,1229471,0.05,0.65,0.5,0.15,0,0.055,0.005,0,0,0,0.5,0.35,0.45,0.15,0.04,0.01
0.11249787297324554,0.04719041098006357,0.22450541715533745,0.046027736592708764,0.10687933249631797,304.44444444444406,120.12266694725028,297.55555555555554,49.02142857142857,20,287110,0.04,0.7,0.5,0.2,0,0.04,0,0,0,0,0.5,0.35,0.45,0.15,0.04,0.01
0.11264266594847389,0.043643634286816876,0.23258775566160164,0.042477999912582075,0.10606404906021696,277.03333333333353,112.74835998877664,270.1444444444443,48.843253968253975,20,310867,0.04,0.7,0.5,0.2,0,0.055,0.005,0,0,0,0.5,0.35,0.45,0.15,0.04,0.01
0.1127256751442797,0.04932320678267599,0.21535356699183714,0.048163039405081806,0.10971599942221895,315.933333333333,108.53336279461278,309.0444444444447,50.33690476190476,20,714736,0.045,0.65,0.55,0.15,0,0.055,0,0,0,0,0.5,0.35,0.45,0.15,0.04,0.01
0.11290146647789452,0.0502996473313964,0.22003842958732855,0.04914047646756099,0.10760777272201978,322.49444444444464,107.41603254769922,315.6055555555557,49.467857142857135,20,976063,0.045,0.75,0.45,0.15,0,0.055,0.005,0,0,0,0.5,0.35,0.45,0.15,0.04,0.01
0.11318006662389986,0.05549112759421251,0.21534086276946754,0.05433462244602663,0.1069291115834852,363.26111111111123,113.23500701459035,356.37222222222186,49.207142857142856,20,833521,0.045,0.7,0.5,0.15,0,0.04,0.005,0,0,0,0.5,0.35,0.45,0.15,0.04,0.01
0.11333072649875095,0.04982160739524017,0.21852949887459705,0.04866270157949919,0.10935668901051897,318.7277777777779,109.19402777777778,311.8388888888889,49.94444444444444,20,817683,0.045,0.7,0.45,0.2,0,0.055,0.005,0,0,0,0.5,0.35,0.45,0.15,0.04,0.01
0.11361544320298411,0.05827748925941499,0.21127649146799304,0.057121779575106287,0.107753796263122,383.33333333333314,114.71163720538723,376.44444444444457,49.726984126984135,20,698898,0.045,0.65,0.55,0.15,0,0.04,0,0,0,0,0.5,0.35,0.45,0.15,0.04,0.01
0.11369654269172863,0.0496360031985909,0.22873154786167854,0.04847564318958673,0.10611886431963129,321.08333333333366,119.98481481481483,314.19444444444423,48.817460317460316,20,318786,0.04,0.7,0.55,0.15,0,0.04,0,0,0,0,0.5,0.35,0.45,0.15,0.04,0.01
0.11374306067362128,0.04740318096766369,0.2323319090085668,0.04624131021871032,0.10611144916321762,304.72222222222234,120.03272166105499,297.83333333333366,48.702777777777776,20,453409,0.04,0.75,0.5,0.15,0,0.04,0.005,0,0,0,0.5,0.35,0.45,0.15,0.04,0.01
0.11377753262390576,0.04913143851188202,0.2325516863805857,0.04797124969593416,0.10505552758844802,316.6333333333336,118.91803030303029,309.7444444444444,48.29087301587302,20,413814,0.04,0.75,0.45,0.2,0,0.04,0,0,0,0,0.5,0.35,0.45,0.15,0.04,0.01
0.11388672384402243,0.049137220196122086,0.23137132094872742,0.04797770194858534,0.10574258719088064,316.8333333333334,121.641471661055,309.9444444444441,48.071031746031736,20,295029,0.04,0.7,0.5,0.2,0,0.04,0.005,0,0,0,0.5,0.35,0.45,0.15,0.04,0.01
0.11425288433866995,0.05238454435690266,0.22710423679360447,0.05122572484004809,0.1062333473457565,340.53333333333353,122.6060648148148,333.64444444444484,48.77817460317461,20,168325,0.04,0.65,0.55,0.2,0,0.04,0.005,0,0,0,0.5,0.35,0.45,0.15,0.04,0.01
0.11438294895014336,0.05130229548314935,0.2205539687542057,0.050144157953610186,0.10976293310871485,328.7500000000001,109.61244809203143,321.8611111111113,50.387301587301586,20,841440,0.045,0.7,0.5,0.15,0,0.055,0,0,0,0,0.5,0.35,0.45,0.15,0.04,0.01
0.11454225785945378,0.05542453180195112,0.21294322619148234,0.0542683435859075,0.11065250616114394,357.5722222222222,103.55430695847363,350.6833333333335,51.35079365079365,20,1356175,0.05,0.7,0.45,0.15,0,0.055,0.005,0,0,0,0.5,0.35,0.45,0.15,0.04,0.01
0.11455943547469744,0.048909131044894846,0.23438090037217707,0.04774892041454496,0.10602103217358715,315.37222222222204,120.62689955106622,308.48333333333335,48.87777777777777,20,160406,0.04,0.65,0.55,0.2,0,0.04,0,0,0,0,0.5,0.35,0.45,0.15,0.04,0.01
0.11459437238642578,0.04941943720070623,0.23657917031482592,0.048259185186830936,0.10490541432649744,318.78333333333336,121.03709876543209,311.89444444444456,48.23015873015873,20,421733,0.04,0.75,0.45,0.2,0,0.04,0.005,0,0,0,0.5,0.35,0.45,0.15,0.04,0.01
0.11464079299486032,0.04503094098418668,0.23406096813762195,0.043868624253042054,0.10863863414415985,285.79999999999967,116.01468574635243,278.9111111111118,50.09761904761905,20,469247,0.04,0.75,0.5,0.15,0,0.055,0.005,0,0,0,0.5,0.35,0.45,0.15,0.04,0.01
0.1147316990410807,0.057427781234814596,0.20384270354033318,0.0562750158889636,0.11346964792513936,370.6333333333333,102.36216891133557,363.7444444444443,52.61666666666666,20,1221552,0.05,0.65,0.5,0.15,0,0.055,0,0,0,0,0.5,0.35,0.45,0.15,0.04,0.01
0.11516173867011031,0.04837006669643548,0.23917287666275827,0.04720816632792746,0.105632286657256,311.522222222222,120.16304854096522,304.63333333333384,48.462698412698415,20,326705,0.04,0.7,0.55,0.15,0,0.04,0.005,0,0,0,0.5,0.35,0.45,0.15,0.04,0.01
0.1152205174989957,0.05870551067608856,0.21924713915030933,0.057549706338231275,0.10751887293221453,385.94999999999993,113.72131734006734,379.061111111111,49.79007936507937,20,801845,0.045,0.7,0.45,0.2,0,0.04,0.005,0,0,0,0.5,0.35,0.45,0.15,0.04,0.01
0.11540817396331107,0.05529027088940257,0.2202602645822544,0.05413571332547655,0.10953807956007883,356.40000000000015,112.96935185185185,349.51111111111123,50.79007936507938,20,120811,0.04,0.65,0.5,0.2,0,0.055,0.005,0,0,0,0.5,0.35,0.45,0.15,0.04,0.01
0.11542071848260327,0.057289646913983513,0.2232255750633802,0.056133257432134535,0.10717741879146436,375.7055555555555,115.43496913580248,368.81666666666683,49.29206349206349,20,952306,0.045,0.75,0.45,0.15,0,0.04,0,0,0,0,0.5,0.35,0.45,0.15,0.04,0.01
0.11544529311728477,0.054948538987524755,0.21486598444922655,0.0537945068459457,0.11197506906236408,352.58888888888873,103.87331509539844,345.6999999999997,51.7063492063492,20,1189876,0.05,0.65,0.45,0.2,0,0.055,0,0,0,0,0.5,0.35,0.45,0.15,0.04,0.01
0.11547610797791728,0.055727682669950346,0.2314858548463561,0.054571659389390924,0.10492126441532193,364.15555555555574,115.26238636363638,357.26666666666733,48.4265873015873,20,675141,0.045,0.65,0.5,0.2,0,0.04,0.005,0,0,0,0.5,0.35,0.45,0.15,0.04,0.01
0.11550987236240773,0.05649341772576634,0.20948716232939757,0.05533947265554914,0.11332882915759661,364.7277777777778,103.40602272727273,357.8388888888889,52.34603174603174,20,1197795,0.05,0.65,0.45,0.2,0,0.055,0.005,0,0,0,0.5,0.35,0.45,0.15,0.04,0.01
0.11553427312150824,0.05437878588950979,0.21606012848883493,0.053223065649143725,0.11201722331377664,349.81666666666683,112.46194865319865,342.9277777777775,52.00793650793651,20,247515,0.04,0.7,0.45,0.2,0,0.055,0.005,0,0,0,0.5,0.35,0.45,0.15,0.04,0.01
0.11575426798864025,0.05814845273389693,0.22000387252392534,0.056993931337898714,0.10861791532737218,380.4222222222222,115.28047699214365,373.5333333333335,49.644841269841265,20,706817,0.045,0.65,0.55,0.15,0,0.04,0.005,0,0,0,0.5,0.35,0.45,0.15,0.04,0.01
0.1160331151337975,0.0579677529991465,0.22158399034664963,0.05681230451847262,0.10865198232944723,380.6944444444446,114.78752244668911,373.80555555555543,49.90436507936508,20,667222,0.045,0.65,0.5,0.2,0,0.04,0,0,0,0,0.5,0.35,0.45,0.15,0.04,0.01
0.11609779415429267,0.05858803133006173,0.21935566279759885,0.057431653907436354,0.10930050439150876,384.7055555555553,114.70035213243548,377.8166666666667,50.2904761904762,20,825602,0.045,0.7,0.5,0.15,0,0.04,0,0,0,0,0.5,0.35,0.45,0.15,0.04,0.01
0.11609795401583942,0.05548562152424042,0.2216403009803332,0.054331459016743695,0.1102484147250013,357.1388888888891,114.24054292929294,350.2499999999999,50.99444444444444,20,405895,0.04,0.75,0.45,0.15,0,0.055,0.005,0,0,0,0.5,0.35,0.45,0.15,0.04,0.01
0.11622086499891549,0.056342669249656585,0.21239742710714427,0.05518855411524229,0.11367715760517931,362.56111111111085,104.56779320987654,355.6722222222218,52.27896825396825,20,1348256,0.05,0.7,0.45,0.15,0,0.055,0,0,0,0,0.5,0.35,0.45,0.15,0.04,0.01
0.11628417234313242,0.05523433298845984,0.2173441645233485,0.054079352664407325,0.11249007908384952,355.55555555555577,112.93996913580249,348.66666666666674,52.146031746031746,20,144568,0.04,0.65,0.55,0.15,0,0.055,0,0,0,0,0.5,0.35,0.45,0.15,0.04,0.01
0.1163609629847519,0.0463933191301706,0.23810514904636182,0.046004261354993276,0.10964387487285672,330.76111111111106,113.28634399551068,329.4277777777777,50.77023809523809,20,1696692,0.05,0.75,0.55,0.2,0,0.055,0,0,0,0,0.5,0.35,0.45,0.15,0.04,0.01
0.11668045773584325,0.061084565002243824,0.20992777068043733,0.05993603468302908,0.11273906819816526,394.4277777777777,108.13753507295175,387.53888888888895,52.69166666666666,20,627627,0.045,0.65,0.45,0.2,0,0.055,0.005,0,0,0,0.5,0.35,0.45,0.15,0.04,0.01
0.11687829568723197,0.057214111929071665,0.22972185672858597,0.056057530450611126,0.10753938152558656,375.11111111111103,115.58383557800224,368.2222222222216,49.239285714285714,20,960225,0.045,0.75,0.45,0.15,0,0.04,0.005,0,0,0,0.5,0.35,0.45,0.15,0.04,0.01
0.11690435786222318,0.06270442970483853,0.2091928186428665,0.0615564312304951,0.11250893044439664,406.8722222222225,107.66818602693604,399.98333333333346,52.47579365079365,20,778088,0.045,0.7,0.45,0.15,0,0.055,0,0,0,0,0.5,0.35,0.45,0.15,0.04,0.01
0.11696889352046559,0.04596141780011741,0.2308638230187007,0.04557247503350389,0.11401540715338045,326.5722222222225,112.63852693602695,325.23888888888916,52.14166666666667,20,1704611,0.05,0.75,0.55,0.2,0,0.055,0.005,0,0,0,0.5,0.35,0.45,0.15,0.04,0.01
0.11733899354918212,0.05576573243155093,0.22164545062166863,0.05461109631881406,0.11256036739076622,358.9055555555551,113.88374017957351,352.01666666666665,52.22261904761906,20,239596,0.04,0.7,0.45,0.2,0,0.055,0,0,0,0,0.5,0.35,0.45,0.15,0.04,0.01
0.1173831381530107,0.055762509065725156,0.22124036542127012,0.05460830264337201,0.11281262469807826,359.494444444444,112.72948933782268,352.60555555555595,52.141269841269846,20,279191,0.04,0.7,0.5,0.15,0,0.055,0.005,0,0,0,0.5,0.35,0.45,0.15,0.04,0.01
0.11740452503095003,0.0659574337031082,0.21363993964082154,0.0648070764369916,0.10977861398370654,437.2999999999998,110.69345959595961,430.4111111111108,50.7702380952381,20,1332418,0.05,0.7,0.45,0.15,0,0.04,0,0,0,0,0.5,0.35,0.45,0.15,0.04,0.01
0.11745488123116178,0.05534700924158938,0.22111090946649162,0.054192310572189845,0.11325719313077329,356.33333333333303,114.88029320987653,349.44444444444485,52.430952380952384,20,152487,0.04,0.65,0.55,0.15,0,0.055,0.005,0,0,0,0.5,0.35,0.45,0.15,0.04,0.01
0.11749814398997276,0.055157487450169636,0.22598565452856315,0.05400187777904257,0.11150753369841847,355.7277777777778,113.94793490460158,348.83888888888873,51.77817460317461,20,112892,0.04,0.65,0.5,0.2,0,0.055,0,0,0,0,0.5,0.35,0.45,0.15,0.04,0.01
0.11754941521461951,0.06644802379265562,0.21316671293455797,0.06529759929035207,0.10996333097982247,440.4499999999997,109.59969696969695,433.5611111111109,51.023809523809526,20,1181957,0.05,0.65,0.45,0.2,0,0.04,0.005,0,0,0,0.5,0.35,0.45,0.15,0.04,0.01
0.11768390392388503,0.060272700417124986,0.21318871489554658,0.05912210659526245,0.11392870163927642,389.32777777777795,108.04728956228958,382.438888888889,53.20277777777778,20,786007,0.045,0.7,0.45,0.15,0,0.055,0.005,0,0,0,0.5,0.35,0.45,0.15,0.04,0.01
0.11771500043884806,0.055419858253010636,0.2226333289945687,0.05426556949537697,0.11312475432806224,356.938888888889,113.07133417508419,350.0500000000003,52.70277777777777,20,271272,0.04,0.7,0.5,0.15,0,0.055,0,0,0,0,0.5,0.35,0.45,0.15,0.04,0.01
0.11773475197645547,0.060409273455492914,0.21497465172246757,0.05926027949947473,0.11323407919062817,390.54999999999995,108.6974130190797,383.66111111111127,52.641666666666666,20,651384,0.045,0.65,0.5,0.15,0,0.055,0,0,0,0,0.5,0.35,0.45,0.15,0.04,0.01
0.11783792661296716,0.06621563740429662,0.21020125582206856,0.06506484217984987,0.11186596845452892,439.8333333333334,110.4010002805836,432.94444444444434,51.74801587301587,20,1213633,0.05,0.65,0.5,0.15,0,0.04,0.005,0,0,0,0.5,0.35,0.45,0.15,0.04,0.01
0.11798735399951066,0.06856700350344971,0.21094317606689933,0.06741774310742361,0.11045723547019176,456.9333333333336,111.68531004489337,450.0444444444442,51.191269841269836,20,1205714,0.05,0.65,0.5,0.15,0,0.04,0,0,0,0,0.5,0.35,0.45,0.15,0.04,0.01
0.1181671993991773,0.06681082128965167,0.2137662845291511,0.06566047816243246,0.11074139221290315,443.7055555555555,109.77866442199775,436.8166666666662,51.01706349206349,20,1340337,0.05,0.7,0.45,0.15,0,0.04,0.005,0,0,0,0.5,0.35,0.45,0.15,0.04,0.01
0.11891621123366772,0.055500560392189716,0.22467951460914057,0.054345350095978184,0.11466028038836537,357.377777777778,112.72184764309765,350.48888888888905,53.13809523809524,20,397976,0.04,0.75,0.45,0.15,0,0.055,0,0,0,0,0.5,0.35,0.45,0.15,0.04,0.01
0.11893778781031843,0.06812558184370296,0.2093906074380081,0.0669762354395877,0.11324398353921183,452.288888888889,111.56042087542086,445.40000000000026,52.25396825396826,20,1174038,0.05,0.65,0.45,0.2,0,0.04,0,0,0,0,0.5,0.35,0.45,0.15,0.04,0.01
0.11917290969542496,0.061310688636649,0.2150583661479064,0.06016178933856843,0.11553605974969797,396.42222222222193,109.00342592592591,389.53333333333364,53.60674603174603,20,619708,0.045,0.65,0.45,0.2,0,0.055,0,0,0,0,0.5,0.35,0.45,0.15,0.04,0.01
0.11976312104777156,0.06571901034350354,0.2202925924956155,0.06456833652044622,0.11197779889119482,436.48333333333346,119.00156565656567,429.5944444444444,51.99126984126983,20,382138,0.04,0.75,0.45,0.15,0,0.04,0,0,0,0,0.5,0.35,0.45,0.15,0.04,0.01
0.11990438254999516,0.06491113377438734,0.22954334172925353,0.06375933381304272,0.10904474814365649,430.6611111111108,119.63551066217734,423.7722222222219,50.67777777777778,20,263353,0.04,0.7,0.5,0.15,0,0.04,0.005,0,0,0,0.5,0.35,0.45,0.15,0.04,0.01
0.12056326535256237,0.06339435462039247,0.21737265554846394,0.062247611686356966,0.11614085571350367,411.43888888888864,109.19465628507295,404.55000000000007,53.796031746031744,20,659303,0.045,0.65,0.5,0.15,0,0.055,0.005,0,0,0,0.5,0.35,0.45,0.15,0.04,0.01
0.1207214074480378,0.06670069746377601,0.2250001015764176,0.06555092589979301,0.11142235578724298,443.10555555555544,120.18210578002244,436.2166666666665,51.461507936507935,20,223758,0.04,0.7,0.45,0.2,0,0.04,0,0,0,0,0.5,0.35,0.45,0.15,0.04,0.01
0.1211354921517303,0.071953146497723,0.20087605514268678,0.07081152771726112,0.1187486743477521,471.8111111111114,105.72588243546576,464.9222222222222,55.59285714285714,20,1166119,0.05,0.65,0.45,0.15,0,0.055,0.005,0,0,0,0.5,0.35,0.45,0.15,0.04,0.01
0.12143205223660987,0.06641441414002902,0.22967585336037594,0.06526369985268735,0.11114511464505195,441.5888888888888,121.45433080808081,434.70000000000005,51.68650793650793,20,255434,0.04,0.7,0.5,0.15,0,0.04,0,0,0,0,0.5,0.35,0.45,0.15,0.04,0.01
0.1216546433839346,0.06770155004619054,0.22448315467004754,0.0665528717467034,0.11289509487213586,449.7277777777777,120.31939814814814,442.83888888888913,52.369841269841274,20,128730,0.04,0.65,0.55,0.15,0,0.04,0,0,0,0,0.5,0.35,0.45,0.15,0.04,0.01
0.12192904304060848,0.06751064293640617,0.227771165751695,0.06636035047857958,0.11224323401869525,449.4555555555554,121.75408108866444,442.5666666666667,51.961111111111116,20,231677,0.04,0.7,0.45,0.2,0,0.04,0.005,0,0,0,0.5,0.35,0.45,0.15,0.04,0.01
0.1221229385197434,0.06754769182434879,0.22832408218652922,0.06639823191106425,0.11238762907026582,449.3444444444441,122.16834175084176,442.4555555555556,52.39960317460317,20,136649,0.04,0.65,0.55,0.15,0,0.04,0.005,0,0,0,0.5,0.35,0.45,0.15,0.04,0.01
0.12224239297738948,0.06760199601211808,0.21257086374269152,0.06645808842009335,0.11889524285043152,440.4444444444446,113.12273709315376,433.55555555555543,55.13174603174603,20,215839,0.04,0.7,0.45,0.15,0,0.055,0.005,0,0,0,0.5,0.35,0.45,0.15,0.04,0.01
0.12228247835750435,0.06879209689678877,0.21361493462501258,0.06764799704587869,0.11784372472693042,449.9000000000003,113.59601150392818,443.01111111111106,55.44285714285714,20,81216,0.04,0.65,0.5,0.15,0,0.055,0,0,0,0,0.5,0.35,0.45,0.15,0.04,0.01
0.1224597833620093,0.07240648025889357,0.2088991043359639,0.07126371869448844,0.11791603683429688,475.6055555555553,104.68471240179574,468.71666666666675,55.189682539682536,20,1158200,0.05,0.65,0.45,0.15,0,0.055,0,0,0,0,0.5,0.35,0.45,0.15,0.04,0.01
0.12262392016101029,0.06857215526274396,0.22427867085412098,0.06742220278762494,0.11439307882272581,457.63888888888897,120.18984427609429,450.7499999999997,53.23055555555556,20,104973,0.04,0.65,0.5,0.2,0,0.04,0.005,0,0,0,0.5,0.35,0.45,0.15,0.04,0.01
0.1230662123679466,0.06737984813010169,0.2329416515867829,0.06623116936803897,0.11252785522311903,447.5444444444442,121.36332772166104,440.65555555555574,52.44761904761904,20,97054,0.04,0.65,0.5,0.2,0,0.04,0,0,0,0,0.5,0.35,0.45,0.15,0.04,0.01
0.1231757278066278,0.06981536955943651,0.21786891882363252,0.06867219530630018,0.11731466634814068,457.71666666666647,113.68289001122335,450.82777777777727,54.88690476190476,20,207920,0.04,0.7,0.45,0.15,0,0.055,0,0,0,0,0.5,0.35,0.45,0.15,0.04,0.01
0.12330282688257997,0.07515395456681212,0.22099066176674018,0.07400849263409134,0.11311701631837659,504.3388888888893,115.01807800224466,497.4499999999998,52.797619047619044,20,603870,0.045,0.65,0.45,0.2,0,0.04,0,0,0,0,0.5,0.35,0.45,0.15,0.04,0.01
0.12343115569530255,0.0689233979196487,0.213771317433733,0.06777940393836608,0.11999974566532266,450.6055555555556,114.09476150392818,443.7166666666669,56.08095238095237,20,49540,0.04,0.65,0.45,0.2,0,0.055,0,0,0,0,0.5,0.35,0.45,0.15,0.04,0.01
0.12360589403424967,0.07225911897632645,0.22738168012472926,0.07111177088322256,0.11290364463281174,484.14999999999975,114.18999859708194,477.26111111111135,52.50039682539682,20,762250,0.045,0.7,0.45,0.15,0,0.04,0,0,0,0,0.5,0.35,0.45,0.15,0.04,0.01
0.12361682404884111,0.06889674494592783,0.23680950779286325,0.06774889717005161,0.11117179801298022,457.8888888888889,121.3463468013468,451.0000000000001,51.904761904761905,20,390057,0.04,0.75,0.45,0.15,0,0.04,0.005,0,0,0,0.5,0.35,0.45,0.15,0.04,0.01
0.12369598966525336,0.07500788654975331,0.21925806465257802,0.07386368565551749,0.11468402153962352,500.68888888888875,116.23159792368125,493.7999999999999,53.338492063492055,20,611789,0.045,0.65,0.45,0.2,0,0.04,0.005,0,0,0,0.5,0.35,0.45,0.15,0.04,0.01
0.12383903818340723,0.07027822876377819,0.21880461559665165,0.06913509589856019,0.11798929286988688,460.28888888888895,114.25265432098766,453.39999999999986,55.321825396825396,20,57459,0.04,0.65,0.45,0.2,0,0.055,0.005,0,0,0,0.5,0.35,0.45,0.15,0.04,0.01
0.12400154636524831,0.0694522708394137,0.21394631037913336,0.06830886897549697,0.12075320607519505,455.57777777777784,113.36386363636363,448.68888888888847,56.6702380952381,20,89135,0.04,0.65,0.5,0.15,0,0.055,0.005,0,0,0,0.5,0.35,0.45,0.15,0.04,0.01
0.12415286622725483,0.07924808530182408,0.19773219956622698,0.07811061701441466,0.12166400144692441,524.5444444444445,108.9258894500561,517.6555555555555,57.05119047619048,20,588032,0.045,0.65,0.45,0.15,0,0.055,0,0,0,0,0.5,0.35,0.45,0.15,0.04,0.01
0.12439696710302932,0.07763311346352791,0.22003620037162444,0.0764885095996176,0.11419958597929211,522.4666666666669,115.70609848484848,515.5777777777779,53.17301587301587,20,643465,0.045,0.65,0.5,0.15,0,0.04,0.005,0,0,0,0.5,0.35,0.45,0.15,0.04,0.01
0.12457845746167162,0.07704600360155074,0.22187380332866535,0.07590251954593119,0.11417979143094664,517.311111111111,116.48915123456787,510.42222222222233,53.22380952380953,20,635546,0.045,0.65,0.5,0.15,0,0.04,0,0,0,0,0.5,0.35,0.45,0.15,0.04,0.01
0.12471036883191709,0.07777779222349546,0.20638734619476004,0.07663880924741745,0.1201991238518329,515.0777777777778,109.30021885521886,508.18888888888875,56.94087301587302,20,595951,0.045,0.65,0.45,0.15,0,0.055,0.005,0,0,0,0.5,0.35,0.45,0.15,0.04,0.01
0.1253894000062334,0.08499718852679496,0.20015111700564073,0.08385807123172451,0.11972004009413352,574.7611111111112,111.25448933782269,567.8722222222226,56.18373015873016,20,1142362,0.05,0.65,0.45,0.15,0,0.04,0,0,0,0,0.5,0.35,0.45,0.15,0.04,0.01
0.12544920752065405,0.07641119240715334,0.22568810631807898,0.07526693811443341,0.11477645706978451,513.1111111111114,116.73935886644219,506.22222222222234,53.2063492063492,20,770169,0.045,0.7,0.45,0.15,0,0.04,0.005,0,0,0,0.5,0.35,0.45,0.15,0.04,0.01
0.1264125052468024,0.0860410864681594,0.2086345267010966,0.08490270938217487,0.11774654793227048,582.1166666666667,111.24150673400672,575.2277777777778,55.21349206349206,20,1150281,0.05,0.65,0.45,0.15,0,0.04,0.005,0,0,0,0.5,0.35,0.45,0.15,0.04,0.01
0.12792712593766742,0.08170530789050313,0.22241448670512393,0.08056471400088008,0.11786527245898336,552.3444444444449,121.37338103254771,545.4555555555557,55.31309523809524,20,65378,0.04,0.65,0.5,0.15,0,0.04,0,0,0,0,0.5,0.35,0.45,0.15,0.04,0.01
0.12943045756212618,0.08334437667514297,0.22229321449234116,0.08220507014530166,0.11993700332223013,562.9944444444444,122.60557239057238,556.1055555555558,56.517063492063485,20,200001,0.04,0.7,0.45,0.15,0,0.04,0.005,0,0,0,0.5,0.35,0.45,0.15,0.04,0.01
0.1297590687617667,0.08399670511858558,0.22633186451259155,0.08285699691991377,0.11858736864734544,566.9111111111112,121.82463524130192,560.0222222222224,55.69880952380952,20,33702,0.04,0.65,0.45,0.2,0,0.04,0,0,0,0,0.5,0.35,0.45,0.15,0.04,0.01
0.13018061464684044,0.08238988666929187,0.22488086246651895,0.08124834254045495,0.12097495230549818,557.4222222222223,121.18714506172842,550.5333333333333,56.7218253968254,20,41621,0.04,0.65,0.45,0.2,0,0.04,0.005,0,0,0,0.5,0.35,0.45,0.15,0.04,0.01
0.13023584868925478,0.08567510783308653,0.22300284497955378,0.08453688155649985,0.11986549468683612,579.5611111111111,123.03776655443322,572.6722222222223,56.140079365079366,20,73297,0.04,0.65,0.5,0.15,0,0.04,0.005,0,0,0,0.5,0.35,0.45,0.15,0.04,0.01
0.13029970305123292,0.08571008307691816,0.22128028408072753,0.0845718910599531,0.12066124262402396,579.9000000000002,122.18806958473624,573.0111111111114,56.83055555555555,20,192082,0.04,0.7,0.45,0.15,0,0.04,0,0,0,0,0.5,0.35,0.45,0.15,0.04,0.01
0.13126524584903432,0.09307945729316006,0.2118791045549427,0.09194594134834082,0.12193117550019553,632.4222222222223,116.95559483726149,625.5333333333336,57.750396825396834,20,580113,0.045,0.65,0.45,0.15,0,0.04,0.005,0,0,0,0.5,0.35,0.45,0.15,0.04,0.01
0.13127471774251093,0.0868821501790078,0.2117310409104976,0.08574982031403214,0.1257277290134181,579.5222222222222,113.58239197530864,572.6333333333336,59.59960317460317,20,25783,0.04,0.65,0.45,0.15,0,0.055,0.005,0,0,0,0.5,0.35,0.45,0.15,0.04,0.01
0.1313457342420327,0.08700907991942214,0.2081013095869354,0.08587582654661433,0.12724549669763793,581.8944444444446,113.91502244668911,575.0055555555557,60.26150793650793,20,17864,0.04,0.65,0.45,0.15,0,0.055,0,0,0,0,0.5,0.35,0.45,0.15,0.04,0.01
0.13229539709045127,0.09325185329748521,0.21343810455582016,0.09211874980607412,0.12326444038008333,633.8055555555555,117.03867424242425,626.916666666667,58.46746031746031,20,572194,0.045,0.65,0.45,0.15,0,0.04,0,0,0,0,0.5,0.35,0.45,0.15,0.04,0.01
0.13969383421114337,0.10116224497302524,0.22048514284297976,0.10003189518741057,0.1304962643012797,691.5111111111113,122.16846380471378,684.6222222222223,61.50158730158729,20,2026,0.04,0.65,0.45,0.15,0,0.04,0,0,0,0,0.5,0.35,0.45,0.15,0.04,0.01
0.140619694390278,0.10235432153634309,0.22249471604240853,0.1012248557905272,0.13082890944178674,700.2999999999997,122.21085578002243,693.4111111111113,61.85079365079365,20,9945,0.04,0.65,0.45,0.15,0,0.04,0.005,0,0,0,0.5,0.35,0.45,0.15,0.04,0.01
