score,total_mape,grid_year_mape,grade_total_mape,grade_year_mape,total_mae,grid_year_mae,grade_total_mae,grade_year_mae,runs,seed,turnover,first_child,second_child,third_child,student_exit,annual_first_birth,annual_second_birth,annual_third_birth,annual_fourth_plus_birth,tk8_exit,high_exit,special_exit,same_school_year,tkk_weight,elementary_weight,middle_weight,high_weight,special_weight
0.10255879688803748,0.02586032657837338,0.21943028185544158,0.02541632453845781,0.10182928508687432,155.9275,106.34224999999999,154.4275,46.24982142857142,50,437571,0.05,0.7,0.55,0.2,0,0.08,0.045,0.008,0.0012,0,0,0,0.5,0.35,0.45,0.15,0.04,0.01
0.10307897392731682,0.026741204957794085,0.22342848552977335,0.02544480766871692,0.10074183066804786,155.62250000000017,111.939125,148.1225000000003,45.53000000000001,50,17864,0.045,0.7,0.55,0.2,0,0.08,0.035,0.008,0,0,0,0,0.5,0.35,0.45,0.15,0.04,0.01
0.10333865860463423,0.024030073094618506,0.22865435656247546,0.02324682411570249,0.10079753072750716,141.17749999999955,107.04851388888888,137.31749999999988,45.73339285714285,50,390057,0.05,0.7,0.55,0.2,0,0.08,0.035,0.004,0.0012,0,0,0,0.5,0.35,0.45,0.15,0.04,0.01
0.1033610599581808,0.02504435606623357,0.22626458765845084,0.02428590713649052,0.10118967121324113,148.68750000000023,105.6524375,144.98749999999995,45.51732142857143,50,421733,0.05,0.7,0.55,0.2,0,0.08,0.045,0.004,0.0012,0,0,0,0.5,0.35,0.45,0.15,0.04,0.01
0.10346474745288188,0.025006996918573575,0.22643295891727577,0.023729790588428695,0.1013521131877093,146.82749999999976,106.86175694444445,139.49750000000017,46.01625,50,397976,0.05,0.7,0.55,0.2,0,0.08,0.035,0.008,0,0,0,0,0.5,0.35,0.45,0.15,0.04,0.01
0.10352032283907114,0.026953763341610797,0.22273839504726894,0.026510629840840523,0.10177302965426822,165.14750000000015,105.70186111111111,163.64749999999992,46.0030357142857,50,445490,0.05,0.7,0.55,0.2,0,0.1,0.035,0.004,0,0,0,0,0.5,0.35,0.45,0.15,0.04,0.01
0.10353308622309938,0.02464106317029735,0.22425538848819132,0.023800699288612913,0.10257937914874382,144.77000000000044,107.31359722222221,140.50000000000023,45.86035714285714,50,405895,0.05,0.7,0.55,0.2,0,0.08,0.035,0.008,0.0012,0,0,0,0.5,0.35,0.45,0.15,0.04,0.01
0.10356948873877872,0.025743899425569226,0.2267246653785701,0.025298280474294232,0.10100277167078787,153.98500000000013,107.05108333333334,152.48500000000035,45.51482142857142,50,413814,0.05,0.7,0.55,0.2,0,0.08,0.045,0.004,0,0,0,0,0.5,0.35,0.45,0.15,0.04,0.01
0.1035749821873654,0.02410966355494622,0.2263096654617987,0.023002823855910844,0.10216030005704357,141.56749999999977,106.68200000000002,135.43749999999977,46.15946428571428,50,382138,0.05,0.7,0.55,0.2,0,0.08,0.035,0.004,0,0,0,0,0.5,0.35,0.45,0.15,0.04,0.01
0.10374022347905679,0.029601578920864808,0.2187087315728204,0.02915687448251937,0.10223600697646652,184.00250000000028,103.30905555555556,182.50249999999983,46.43089285714286,50,493004,0.05,0.7,0.55,0.2,0,0.1,0.045,0.008,0,0,0,0,0.5,0.35,0.45,0.15,0.04,0.01
0.1038034779349765,0.02731860169093876,0.22407160813359978,0.026022318616389116,0.10158715160194984,159.83249999999975,110.47949305555557,152.3325000000002,45.840714285714284,50,41621,0.045,0.7,0.55,0.2,0,0.08,0.045,0.004,0.0012,0,0,0,0.5,0.35,0.45,0.15,0.04,0.01
0.10394382670529695,0.02999824437515102,0.2202212292722114,0.02955470545786469,0.1018002150766187,187.73249999999985,103.60820833333334,186.23249999999973,45.870178571428575,50,500923,0.05,0.7,0.55,0.2,0,0.1,0.045,0.008,0.0012,0,0,0,0.5,0.35,0.45,0.15,0.04,0.01
0.10395197632035519,0.02701115770216175,0.23023410234202443,0.02571329546333229,0.09960361708260354,157.89250000000004,110.44762500000002,150.3925000000005,44.826428571428565,50,33702,0.045,0.7,0.55,0.2,0,0.08,0.045,0.004,0,0,0,0,0.5,0.35,0.45,0.15,0.04,0.01
0.10395665058802508,0.02666052467824562,0.22260050163962078,0.025365132506504025,0.10287678571325448,155.2524999999997,110.7941111111111,147.7525000000005,46.502857142857145,50,25783,0.045,0.7,0.55,0.2,0,0.08,0.035,0.008,0.0012,0,0,0,0.5,0.35,0.45,0.15,0.04,0.01
0.1040995633581396,0.027142626954435027,0.22674394549519503,0.025843740527619032,0.10121597234554015,159.80249999999978,109.83295833333335,152.30249999999933,45.582321428571426,50,65378,0.045,0.7,0.55,0.2,0,0.1,0.035,0.004,0,0,0,0,0.5,0.35,0.45,0.15,0.04,0.01
0.10414124372357347,0.027112473283511785,0.22917952586113913,0.025815329757684885,0.10034319313258423,158.88249999999982,109.82754166666666,151.38250000000028,45.091428571428565,50,57459,0.045,0.7,0.55,0.2,0,0.08,0.045,0.008,0.0012,0,0,0,0.5,0.35,0.45,0.15,0.04,0.01
0.10423355598615741,0.026784834626155506,0.22802115634353445,0.0263392606123991,0.10118774865920775,162.4925000000003,104.0438888888889,160.99250000000018,45.65678571428572,50,453409,0.05,0.7,0.55,0.2,0,0.1,0.035,0.004,0.0012,0,0,0,0.5,0.35,0.45,0.15,0.04,0.01
0.10425919608134511,0.025322529372190657,0.22938568492884287,0.02487666567062339,0.10157060056783868,151.97749999999985,105.69269444444446,150.4775000000003,45.87071428571428,50,429652,0.05,0.7,0.55,0.2,0,0.08,0.045,0.008,0,0,0,0,0.5,0.35,0.45,0.15,0.04,0.01
0.10430575979298559,0.027195627236669663,0.2255349738651448,0.02589722573867711,0.10208015369791149,160.00750000000062,109.09495833333332,152.50750000000016,45.99232142857142,50,89135,0.045,0.7,0.55,0.2,0,0.1,0.035,0.008,0.0012,0,0,0,0.5,0.35,0.45,0.15,0.04,0.01
0.10433836841663596,0.02737177548507946,0.22771716882659448,0.02607406144687402,0.10116680401158645,161.0024999999997,108.99392361111111,153.50250000000017,45.93446428571429,50,81216,0.045,0.7,0.55,0.2,0,0.1,0.035,0.008,0,0,0,0,0.5,0.35,0.45,0.15,0.04,0.01
0.10447018707422911,0.027834324592947515,0.2276078454811995,0.02653751721362287,0.10119664120020992,163.94000000000005,109.74279861111111,156.43999999999937,45.4675,50,73297,0.045,0.7,0.55,0.2,0,0.1,0.035,0.004,0.0012,0,0,0,0.5,0.35,0.45,0.15,0.04,0.01
0.10451289236114952,0.028330643196174073,0.22305594102114149,0.027032835641565313,0.102805022396138,167.97749999999974,108.73427083333335,160.47749999999985,45.99339285714286,50,104973,0.045,0.7,0.55,0.2,0,0.1,0.045,0.004,0.0012,0,0,0,0.5,0.35,0.45,0.15,0.04,0.01
0.10458796430233382,0.027915693562872563,0.22760369271506647,0.027471058670247895,0.1013850353809175,171.62500000000023,105.427,170.1250000000001,45.76053571428571,50,461328,0.05,0.7,0.55,0.2,0,0.1,0.035,0.008,0,0,0,0,0.5,0.35,0.45,0.15,0.04,0.01
0.10464202586735841,0.029689344059036827,0.22393949266893115,0.029246001897323584,0.10189464823172226,184.30250000000035,104.18329861111111,182.80250000000024,46.09553571428572,50,485085,0.05,0.7,0.55,0.2,0,0.1,0.045,0.004,0.0012,0,0,0,0.5,0.35,0.45,0.15,0.04,0.01
0.10477701759572892,0.028705991927972685,0.22396523976002927,0.027408922013594687,0.10274434413066252,169.96749999999997,108.58615972222222,162.46749999999986,46.522678571428564,50,97054,0.045,0.7,0.55,0.2,0,0.1,0.045,0.004,0,0,0,0,0.5,0.35,0.45,0.15,0.04,0.01
0.10500519081310555,0.028426367288866217,0.23059726892948917,0.02712773501664561,0.1007156536810957,169.6300000000001,107.76209027777776,162.12999999999977,45.34142857142857,50,112892,0.045,0.7,0.55,0.2,0,0.1,0.045,0.008,0,0,0,0,0.5,0.35,0.45,0.15,0.04,0.01
0.1051084826245817,0.02838039257315367,0.23074952488171513,0.02793621210013815,0.10088891975258513,175.52750000000026,104.44277777777778,174.02750000000026,45.379464285714285,50,469247,0.05,0.7,0.55,0.2,0,0.1,0.035,0.008,0.0012,0,0,0,0.5,0.35,0.45,0.15,0.04,0.01
0.1052619957081169,0.025127069460271684,0.23414221341912572,0.024684131790427635,0.10179086437242049,152.4375000000001,115.04497916666666,150.93750000000045,46.245535714285715,50,192082,0.045,0.75,0.55,0.2,0,0.08,0.035,0.004,0,0,0,0,0.5,0.35,0.45,0.15,0.04,0.01
0.10528686984638452,0.028129177861461213,0.228589168794005,0.026833819454765845,0.1022605654582903,164.84750000000008,111.0355138888889,157.3475000000003,46.31642857142856,50,49540,0.045,0.7,0.55,0.2,0,0.08,0.045,0.008,0,0,0,0,0.5,0.35,0.45,0.15,0.04,0.01
0.10544755614661688,0.02692409411044271,0.23021470515918233,0.025628039275097533,0.10265477376329521,156.3375000000002,111.42409027777776,148.83749999999986,46.32839285714285,50,9945,0.045,0.7,0.55,0.2,0,0.08,0.035,0.004,0.0012,0,0,0,0.5,0.35,0.45,0.15,0.04,0.01
0.1056157558541728,0.028003052390967894,0.23453950806027507,0.026705012112477736,0.1006138770496548,165.82749999999965,108.78375694444445,158.32749999999976,45.38482142857142,50,120811,0.045,0.7,0.55,0.2,0,0.1,0.045,0.008,0.0012,0,0,0,0.5,0.35,0.45,0.15,0.04,0.01
0.10567508188513168,0.02953930598087728,0.2296503983769757,0.028239522668306198,0.10176642083094671,177.99250000000018,107.54172916666668,170.4925000000004,46.080000000000005,50,136649,0.045,0.7,0.55,0.2,0,0.12,0.035,0.004,0.0012,0,0,0,0.5,0.35,0.45,0.15,0.04,0.01
0.10571958243146459,0.029313257190612365,0.22752622183335314,0.028868200519399083,0.10284072181522051,181.9100000000002,103.98927777777779,180.41000000000008,46.56696428571429,50,477166,0.05,0.7,0.55,0.2,0,0.1,0.045,0.004,0,0,0,0,0.5,0.35,0.45,0.15,0.04,0.01
0.1057513144595282,0.03073339372412775,0.2246474764318408,0.03029255574391668,0.10320360211184343,202.02749999999958,110.17749305555554,200.5274999999998,47.183571428571426,50,627627,0.05,0.75,0.55,0.2,0,0.08,0.045,0.008,0.0012,0,0,0,0.5,0.35,0.45,0.15,0.04,0.01
0.10581661649648545,0.03445572740794183,0.2161327763272455,0.034013926055478066,0.10450668601730759,220.56999999999982,102.2394861111111,219.06999999999982,47.17,50,564275,0.05,0.7,0.55,0.2,0,0.12,0.045,0.008,0.0012,0,0,0,0.5,0.35,0.45,0.15,0.04,0.01
0.10594010139544924,0.027695261144559686,0.23357218585054482,0.02725331629298975,0.10183417176394474,172.54999999999984,115.01627777777777,171.04999999999995,46.26589285714285,50,223758,0.045,0.75,0.55,0.2,0,0.08,0.045,0.004,0,0,0,0,0.5,0.35,0.45,0.15,0.04,0.01
0.10594275031134764,0.03000617095162491,0.22680478552939692,0.02903031604461046,0.10315988383996157,181.735,106.45243055555557,176.505,46.26339285714286,50,152487,0.045,0.7,0.55,0.2,0,0.12,0.035,0.008,0.0012,0,0,0,0.5,0.35,0.45,0.15,0.04,0.01
0.1059806982428342,0.028004011470273746,0.23317176114992627,0.027562245257563053,0.10189028514353363,175.0700000000004,115.23469444444446,173.56999999999948,46.2025,50,239596,0.045,0.75,0.55,0.2,0,0.08,0.045,0.008,0,0,0,0,0.5,0.35,0.45,0.15,0.04,0.01
0.10598396947617529,0.02652179374137506,0.23566642053533451,0.026079833793586384,0.10178829449339173,163.66999999999973,115.43415972222222,162.16999999999973,46.22232142857143,50,215839,0.045,0.75,0.55,0.2,0,0.08,0.035,0.008,0.0012,0,0,0,0.5,0.35,0.45,0.15,0.04,0.01
0.10598595192429958,0.029603059471790195,0.23070917219228826,0.028620365447622843,0.10192639928860975,178.625,107.59418750000002,173.3449999999998,45.84571428571428,50,144568,0.045,0.7,0.55,0.2,0,0.12,0.035,0.008,0,0,0,0,0.5,0.35,0.45,0.15,0.04,0.01
0.1060654043734055,0.03250571026724936,0.22478120560925668,0.032062560757109816,0.1027149003427587,205.66499999999974,103.58629166666665,204.1650000000003,46.59892857142857,50,532599,0.05,0.7,0.55,0.2,0,0.12,0.035,0.008,0.0012,0,0,0,0.5,0.35,0.45,0.15,0.04,0.01
0.10608651039372773,0.0294787891844281,0.23627588923534967,0.029037636406555434,0.09997539158265872,186.1674999999998,113.99080555555557,184.66750000000002,45.4175,50,263353,0.045,0.75,0.55,0.2,0,0.1,0.035,0.004,0.0012,0,0,0,0.5,0.35,0.45,0.15,0.04,0.01
0.10630117362992592,0.029646953292501502,0.23448301568818636,0.029207238061736807,0.10102096900907638,186.3725000000005,114.1622361111111,184.87249999999983,45.800178571428575,50,255434,0.045,0.75,0.55,0.2,0,0.1,0.035,0.004,0,0,0,0,0.5,0.35,0.45,0.15,0.04,0.01
0.10645191618803802,0.026190736863436162,0.23539713000870102,0.02574875315862622,0.10303053825453394,160.53750000000002,115.2622638888889,159.0374999999999,46.774821428571435,50,207920,0.045,0.75,0.55,0.2,0,0.08,0.035,0.008,0,0,0,0,0.5,0.35,0.45,0.15,0.04,0.01
0.10651987649207095,0.026542766490217612,0.23752829444970205,0.025215135512294873,0.1021027753101305,154.17499999999995,111.16811111111112,146.42499999999973,45.88178571428571,50,2026,0.045,0.7,0.55,0.2,0,0.08,0.035,0.004,0,0,0,0,0.5,0.35,0.45,0.15,0.04,0.01
0.10652368464104,0.027684428872147514,0.23509156189424724,0.027241657299619575,0.10240008720109262,172.91500000000008,114.406375,171.41499999999996,46.36142857142857,50,247515,0.045,0.75,0.55,0.2,0,0.08,0.045,0.008,0.0012,0,0,0,0.5,0.35,0.45,0.15,0.04,0.01
0.10659531513625274,0.030382660995677817,0.23074291067958835,0.02937235174973185,0.10266386940326344,184.18499999999995,108.08045833333333,178.7100000000006,46.253214285714286,50,128730,0.045,0.7,0.55,0.2,0,0.12,0.035,0.004,0,0,0,0,0.5,0.35,0.45,0.15,0.04,0.01
0.10667172502823807,0.030790584075422775,0.2281647014012729,0.03034774257982781,0.10360321905071332,193.80749999999966,102.8183888888889,192.30750000000012,46.74267857142858,50,508842,0.05,0.7,0.55,0.2,0,0.12,0.035,0.004,0,0,0,0,0.5,0.35,0.45,0.15,0.04,0.01
0.10669283042013025,0.028356088249342024,0.23412845318557568,0.02791492510431539,0.10272062661642499,183.005,111.37360416666668,181.50499999999988,46.69875000000001,50,572194,0.05,0.75,0.55,0.2,0,0.08,0.035,0.004,0,0,0,0,0.5,0.35,0.45,0.15,0.04,0.01
0.10676474702135097,0.02853507911662873,0.23217526331082738,0.02809426406184283,0.10353834124839374,183.84500000000014,110.93084027777778,182.3449999999998,47.18714285714286,50,580113,0.05,0.75,0.55,0.2,0,0.08,0.035,0.004,0.0012,0,0,0,0.5,0.35,0.45,0.15,0.04,0.01
0.10678864676992728,0.025083470301150587,0.23622283860392784,0.024640317993268043,0.10403807591759308,152.15750000000003,115.15688194444444,150.65750000000014,46.676071428571426,50,200001,0.045,0.75,0.55,0.2,0,0.08,0.035,0.004,0.0012,0,0,0,0.5,0.35,0.45,0.15,0.04,0.01
0.10682153790663687,0.030091011765479403,0.23258429486288382,0.029651027976587356,0.10255475080883257,190.26250000000016,113.63664583333335,188.76250000000005,46.50035714285714,50,279191,0.045,0.75,0.55,0.2,0,0.1,0.035,0.008,0.0012,0,0,0,0.5,0.35,0.45,0.15,0.04,0.01
0.10684243706281037,0.03193755915822506,0.22872155644129388,0.031047690779868478,0.10303371605416814,196.8449999999997,107.1004861111111,192.21500000000026,46.422321428571415,50,176244,0.045,0.7,0.55,0.2,0,0.12,0.045,0.008,0,0,0,0,0.5,0.35,0.45,0.15,0.04,0.01
0.10686104393738696,0.03363848728986516,0.2219567152411211,0.0331968089172124,0.10475630940440638,214.0825000000001,102.90834722222223,212.5825000000001,47.52303571428572,50,540518,0.05,0.7,0.55,0.2,0,0.12,0.045,0.004,0,0,0,0,0.5,0.35,0.45,0.15,0.04,0.01
0.10688273259246553,0.03097808327484186,0.22918328605635108,0.030539045086357165,0.10350530079748549,203.3100000000005,109.67131944444446,201.80999999999972,47.46625,50,619708,0.05,0.75,0.55,0.2,0,0.08,0.045,0.008,0,0,0,0,0.5,0.35,0.45,0.15,0.04,0.01
0.10697692230880984,0.032497748783043984,0.22951826399672254,0.03205587040041543,0.10264788974910426,205.22000000000014,103.52090972222221,203.72000000000037,46.728928571428575,50,524680,0.05,0.7,0.55,0.2,0,0.12,0.035,0.008,0,0,0,0,0.5,0.35,0.45,0.15,0.04,0.01
0.10701118666350656,0.032022449767609595,0.23120676166024715,0.03140117060218735,0.10232619880234853,197.10000000000002,107.00713888888887,194.3449999999998,46.385535714285716,50,160406,0.045,0.7,0.55,0.2,0,0.12,0.045,0.004,0,0,0,0,0.5,0.35,0.45,0.15,0.04,0.01
0.10706713954338207,0.03151414006201205,0.22829708412269206,0.031070734323589387,0.10390696140048009,194.61000000000024,106.52436805555556,193.10999999999967,46.948928571428574,50,184163,0.045,0.7,0.55,0.2,0,0.12,0.045,0.008,0.0012,0,0,0,0.5,0.35,0.45,0.15,0.04,0.01
0.10708170139465828,0.030938390635827172,0.2293201968551996,0.030499331051647545,0.10387228966574043,203.66500000000008,109.85165277777776,202.1650000000002,47.155,50,603870,0.05,0.75,0.55,0.2,0,0.08,0.045,0.004,0,0,0,0,0.5,0.35,0.45,0.15,0.04,0.01
0.10710728977847025,0.030408871346831224,0.23516710762991203,0.029969024565683636,0.10190241369687697,193.14499999999964,112.37897916666667,191.6450000000001,46.19982142857143,50,271272,0.045,0.75,0.55,0.2,0,0.1,0.035,0.008,0,0,0,0,0.5,0.35,0.45,0.15,0.04,0.01
0.10717797444069993,0.03433205545374273,0.22438663146399887,0.03389169633927266,0.10400206302355466,221.7025000000002,102.20337500000001,220.2025,47.37375,50,556356,0.05,0.7,0.55,0.2,0,0.12,0.045,0.008,0,0,0,0,0.5,0.35,0.45,0.15,0.04,0.01
0.10720087572217092,0.03149284122570542,0.22699360782078642,0.030757243484145377,0.10470860358060402,193.24249999999972,107.34766666666667,189.6875000000001,47.138749999999995,50,168325,0.045,0.7,0.55,0.2,0,0.12,0.045,0.004,0.0012,0,0,0,0.5,0.35,0.45,0.15,0.04,0.01
0.10721008272013446,0.029095203078684156,0.23324421334625386,0.028653704944603293,0.1036653582545569,187.64,111.73525000000001,186.13999999999987,46.89285714285714,50,595951,0.05,0.75,0.55,0.2,0,0.08,0.035,0.008,0.0012,0,0,0,0.5,0.35,0.45,0.15,0.04,0.01
0.10728959709081587,0.027482043323915416,0.23937707017618634,0.027039984046522636,0.10233914011680796,170.95249999999965,114.46925694444444,169.45249999999976,46.23642857142858,50,231677,0.045,0.75,0.55,0.2,0,0.08,0.045,0.004,0.0012,0,0,0,0.5,0.35,0.45,0.15,0.04,0.01
0.10732784055254863,0.031202519196809747,0.22863986915488893,0.030759790250739785,0.10447822192505583,196.6524999999997,103.40333333333332,195.1524999999997,47.07178571428572,50,516761,0.05,0.7,0.55,0.2,0,0.12,0.035,0.004,0.0012,0,0,0,0.5,0.35,0.45,0.15,0.04,0.01
0.10738858922468857,0.034013279257889294,0.2263846905743107,0.03357203493702628,0.10381533466491927,217.8800000000001,103.50210416666667,216.38000000000022,46.92928571428571,50,548437,0.05,0.7,0.55,0.2,0,0.12,0.045,0.004,0.0012,0,0,0,0.5,0.35,0.45,0.15,0.04,0.01
0.10774377648228733,0.029571166326536467,0.23637197171701352,0.029132760384352814,0.10319606448184739,190.8225000000001,111.79851388888889,189.32250000000045,47.14267857142856,50,588032,0.05,0.75,0.55,0.2,0,0.08,0.035,0.008,0,0,0,0,0.5,0.35,0.45,0.15,0.04,0.01
0.10776733121216214,0.030970422191646727,0.23320798967773984,0.030531158737626674,0.1036692132382403,202.12500000000034,109.31190277777779,200.625,47.099642857142854,50,611789,0.05,0.75,0.55,0.2,0,0.08,0.045,0.004,0.0012,0,0,0,0.5,0.35,0.45,0.15,0.04,0.01
0.10784265586126149,0.03319275235536579,0.2300520704816054,0.03275387564980902,0.10374883211666135,219.14250000000015,109.32745833333331,217.64249999999993,47.20178571428571,50,651384,0.05,0.75,0.55,0.2,0,0.1,0.035,0.008,0,0,0,0,0.5,0.35,0.45,0.15,0.04,0.01
0.10804295374047203,0.03538854969585829,0.22798159582200558,0.03494972838545758,0.10366013933462684,235.96000000000004,108.14734722222224,234.46000000000026,47.216071428571425,50,690979,0.05,0.75,0.55,0.2,0,0.1,0.045,0.008,0.0012,0,0,0,0.5,0.35,0.45,0.15,0.04,0.01
0.10823723300611873,0.033436214126822794,0.23406304397176708,0.03299704408543343,0.10278751994743696,216.135,112.92272916666666,214.63500000000045,46.35821428571428,50,310867,0.045,0.75,0.55,0.2,0,0.1,0.045,0.008,0.0012,0,0,0,0.5,0.35,0.45,0.15,0.04,0.01
0.10827693893947438,0.03330573817534091,0.2305822688198923,0.03286697332801542,0.10433752744578727,219.44000000000005,108.89856944444443,217.9399999999997,47.22464285714286,50,635546,0.05,0.75,0.55,0.2,0,0.1,0.035,0.004,0,0,0,0,0.5,0.35,0.45,0.15,0.04,0.01
0.108543030163256,0.031827954915957274,0.24073706623084418,0.03138818715329874,0.10169446088459999,204.72250000000008,113.02580555555555,203.22249999999985,45.99107142857142,50,287110,0.045,0.75,0.55,0.2,0,0.1,0.045,0.004,0,0,0,0,0.5,0.35,0.45,0.15,0.04,0.01
0.10883913115788019,0.033822015721658556,0.23276288417500413,0.03338371197778941,0.10427989921276357,224.54750000000013,109.32231249999998,223.0474999999999,47.35732142857143,50,659303,0.05,0.75,0.55,0.2,0,0.1,0.035,0.008,0.0012,0,0,0,0.5,0.35,0.45,0.15,0.04,0.01
0.10890686968280214,0.03492726084576799,0.2318850157721271,0.03449019116987729,0.10410337654929264,227.94499999999994,111.78838888888889,226.44499999999982,47.026071428571434,50,326705,0.045,0.75,0.55,0.2,0,0.12,0.035,0.004,0.0012,0,0,0,0.5,0.35,0.45,0.15,0.04,0.01
0.10912097462645975,0.034461393481728636,0.23763545756374696,0.034023598922055254,0.10251093013838355,223.9375000000001,112.08058333333334,222.4375000000001,46.70249999999999,50,342543,0.045,0.75,0.55,0.2,0,0.12,0.035,0.008,0.0012,0,0,0,0.5,0.35,0.45,0.15,0.04,0.01
0.10917523284757266,0.032845445751973484,0.2364482503943527,0.03240777000953648,0.10406389808622014,216.70250000000033,109.81399305555556,215.20249999999976,46.97053571428571,50,643465,0.05,0.75,0.55,0.2,0,0.1,0.035,0.004,0.0012,0,0,0,0.5,0.35,0.45,0.15,0.04,0.01
0.10927084419869006,0.035281518328313666,0.23389294328516413,0.034844546724792536,0.10381560008632626,234.7650000000002,108.78181944444442,233.265,46.86089285714286,50,675141,0.05,0.75,0.55,0.2,0,0.1,0.045,0.004,0.0012,0,0,0,0.5,0.35,0.45,0.15,0.04,0.01
0.10950249835575215,0.03460305318187544,0.23774773139932767,0.03416607340701668,0.10314407224264797,224.8425000000001,111.80214583333333,223.34249999999997,46.76517857142857,50,318786,0.045,0.75,0.55,0.2,0,0.12,0.035,0.004,0,0,0,0,0.5,0.35,0.45,0.15,0.04,0.01
0.10956486185698891,0.037227358422685854,0.22969373798348697,0.036789611206680645,0.1049158134669715,243.91749999999956,112.31642361111112,242.41750000000013,47.666607142857146,50,366300,0.045,0.75,0.55,0.2,0,0.12,0.045,0.008,0,0,0,0,0.5,0.35,0.45,0.15,0.04,0.01
0.10983801352616576,0.03502027552962019,0.23757332563209815,0.034583463759639825,0.10363453148172012,233.6925000000001,108.13313194444444,232.19249999999977,47.37303571428571,50,667222,0.05,0.75,0.55,0.2,0,0.1,0.045,0.004,0,0,0,0,0.5,0.35,0.45,0.15,0.04,0.01
0.11003244660321698,0.03359123571119436,0.24094806506275837,0.033152614366642096,0.103530925754614,217.20500000000015,113.44627083333333,215.70499999999993,46.803214285714276,50,302948,0.045,0.75,0.55,0.2,0,0.1,0.045,0.008,0,0,0,0,0.5,0.35,0.45,0.15,0.04,0.01
0.11003267993167325,0.03657974033180304,0.22804351103207493,0.0361427605007069,0.10690011125143468,246.36499999999978,109.0159861111111,244.86499999999967,48.378392857142856,50,683060,0.05,0.75,0.55,0.2,0,0.1,0.045,0.008,0,0,0,0,0.5,0.35,0.45,0.15,0.04,0.01
0.11007432406308634,0.03694268121459428,0.23291166316247644,0.03650579304324676,0.10481837413242555,248.50000000000057,108.29552083333334,246.9999999999999,47.86464285714286,50,706817,0.05,0.75,0.55,0.2,0,0.12,0.035,0.004,0.0012,0,0,0,0.5,0.35,0.45,0.15,0.04,0.01
0.11062175468058025,0.03843059704640005,0.23018378560062974,0.03799445965169079,0.10611163689306856,258.7224999999995,107.69213888888889,257.2225000000003,48.42232142857143,50,714736,0.05,0.75,0.55,0.2,0,0.12,0.035,0.008,0,0,0,0,0.5,0.35,0.45,0.15,0.04,0.01
0.11063468910059253,0.037794690366307455,0.23430054886164872,0.037358597462874385,0.1048723444367411,255.0949999999999,108.65650000000001,253.5950000000006,48.08642857142857,50,722655,0.05,0.75,0.55,0.2,0,0.12,0.035,0.008,0.0012,0,0,0,0.5,0.35,0.45,0.15,0.04,0.01
0.11085153752330615,0.03816214899637937,0.2321533895089516,0.0377263736156609,0.10594442984520405,251.84000000000026,111.07219444444445,250.33999999999924,47.96678571428571,50,374219,0.045,0.75,0.55,0.2,0,0.12,0.045,0.008,0.0012,0,0,0,0.5,0.35,0.45,0.15,0.04,0.01
0.11088594002750629,0.03481984112658008,0.24214686917770392,0.03438208701266215,0.10402122770798296,226.50749999999994,111.56709722222222,225.00750000000028,47.248035714285706,50,334624,0.045,0.75,0.55,0.2,0,0.12,0.035,0.008,0,0,0,0,0.5,0.35,0.45,0.15,0.04,0.01
0.11115117415404446,0.03283537436778223,0.24545175658147192,0.03239741137563181,0.10442042105483082,211.9875000000004,113.55144444444444,210.48749999999995,46.98339285714286,50,295029,0.045,0.75,0.55,0.2,0,0.1,0.045,0.004,0.0012,0,0,0,0.5,0.35,0.45,0.15,0.04,0.01
0.11160559280662283,0.040209553879590965,0.22624548407691505,0.039774275385647,0.10858725965472503,272.7925,108.32140277777778,271.2924999999998,49.47571428571428,50,738493,0.05,0.75,0.55,0.2,0,0.12,0.045,0.004,0.0012,0,0,0,0.5,0.35,0.45,0.15,0.04,0.01
0.11166719988808987,0.03757183343746114,0.2364368320539777,0.03713562396654481,0.106216566892112,252.05750000000035,108.863875,250.55749999999944,48.31928571428571,50,698898,0.05,0.75,0.55,0.2,0,0.12,0.035,0.004,0,0,0,0,0.5,0.35,0.45,0.15,0.04,0.01
0.11169126910797098,0.03692373155491949,0.23892538350371997,0.03648656973217057,0.10565814588150226,242.01249999999993,111.69378472222222,240.51250000000016,48.24107142857143,50,358381,0.045,0.75,0.55,0.2,0,0.12,0.045,0.004,0.0012,0,0,0,0.5,0.35,0.45,0.15,0.04,0.01
0.11205326942454767,0.04020779522759278,0.23210199518827357,0.03977060387031653,0.10714106363723025,273.9325000000001,108.46018749999999,272.4325,49.205357142857146,50,754331,0.05,0.75,0.55,0.2,0,0.12,0.045,0.008,0.0012,0,0,0,0.5,0.35,0.45,0.15,0.04,0.01
0.11300298059600439,0.040549535145573856,0.2313803216312756,0.040114451051550856,0.10912411145215424,275.6124999999997,107.24865972222223,274.1125000000004,49.86696428571429,50,730574,0.05,0.75,0.55,0.2,0,0.12,0.045,0.004,0,0,0,0,0.5,0.35,0.45,0.15,0.04,0.01
0.11303432796296603,0.03819456810990119,0.2433528365396845,0.03775875735429777,0.10581078044411753,251.85750000000007,111.85774305555555,250.35749999999996,47.830535714285716,50,350462,0.045,0.75,0.55,0.2,0,0.12,0.045,0.004,0,0,0,0,0.5,0.35,0.45,0.15,0.04,0.01
0.11400911815354461,0.04025285100575998,0.2380143768103565,0.039817354761412446,0.10866077497949064,273.8625000000003,107.06931944444445,272.3625000000004,49.448214285714286,50,746412,0.05,0.75,0.55,0.2,0,0.12,0.045,0.008,0,0,0,0,0.5,0.35,0.45,0.15,0.04,0.01
