score,grid_mape,grade_mape,grade_year_mape,grid_mae,grade_mae,grade_year_mae,runs,seed,turnover,first_child,second_child,third_child,student_exit,early_birth,later_birth,tk8_exit,high_exit,special_exit,same_school_year,tkk_weight,elementary_weight,middle_weight,high_weight,special_weight
0.1237343383159508,0.043163299229757215,0.04200602595740688,0.20488401403831957,271.90740740740756,265.01851851851836,68.9874074074074,30,643465,0.05,0.8,0.55,0.2,0,0.055,0.005,0,0,0,0.5,0.2,0.45,0.2,0.14,0.01
0.1250823894041729,0.03694952829411065,0.036566450621439005,0.21340678935057097,247.38518518518555,246.0518518518518,73.52592592592595,30,714736,0.05,0.8,0.65,0.2,0,0.055,0.005,0,0,0,0.5,0.2,0.45,0.2,0.14,0.01
0.12544660562887827,0.03735427156457349,0.036972509359881695,0.21372982079552896,249.31481481481498,247.98148148148135,73.51333333333334,30,667222,0.05,0.8,0.55,0.3,0,0.055,0.005,0,0,0,0.5,0.2,0.45,0.2,0.14,0.01
0.1256419874585758,0.03875469496128846,0.03837278665861789,0.21272023410719842,259.9925925925925,258.65925925925944,73.22074074074072,30,857278,0.05,0.9,0.55,0.2,0,0.055,0.005,0,0,0,0.5,0.2,0.45,0.2,0.14,0.01
0.1258065761382928,0.035425021649490046,0.03428277494458077,0.21675925397955018,226.55555555555554,219.8888888888888,74.21432098765432,30,215839,0.045,0.9,0.55,0.2,0,0.055,0.005,0,0,0,0.5,0.2,0.45,0.2,0.14,0.01
0.12626011745322252,0.03513855391329774,0.03399619889640669,0.2179528585015928,224.76666666666662,218.10000000000016,74.34987654320989,30,25783,0.045,0.8,0.55,0.3,0,0.055,0.005,0,0,0,0.5,0.2,0.45,0.2,0.14,0.01
0.12631744338761342,0.03546526042058604,0.034324118044221565,0.21774019754282303,226.0444444444444,219.37777777777774,74.29876543209878,30,73297,0.045,0.8,0.65,0.2,0,0.055,0.005,0,0,0,0.5,0.2,0.45,0.2,0.14,0.01
0.12891684855145075,0.05107107441170672,0.04992240076194402,0.20733695951607614,325.24814814814806,318.3592592592592,70.2348148148148,30,2026,0.045,0.8,0.55,0.2,0,0.055,0.005,0,0,0,0.5,0.2,0.45,0.2,0.14,0.01
0.13015734272656831,0.04388217506049609,0.04275154032845445,0.2169978277586614,279.8444444444444,273.1777777777777,70.5841975308642,30,651384,0.05,0.8,0.55,0.2,0,0.07,0.005,0,0,0,0.5,0.2,0.45,0.2,0.14,0.01
0.13598250704351955,0.04925879809320369,0.04813554610962408,0.22326784198562521,311.50370370370416,304.8370370370368,73.14814814814815,30,9945,0.045,0.8,0.55,0.2,0,0.07,0.005,0,0,0,0.5,0.2,0.45,0.2,0.14,0.01
0.13757717497553915,0.04681348015031386,0.04643820768700954,0.2285285060324166,329.8740740740744,328.5407407407408,79.85135802469136,30,97054,0.045,0.8,0.65,0.3,0,0.055,0.005,0,0,0,0.5,0.2,0.45,0.2,0.14,0.01
0.13780035898840895,0.0473924184013078,0.04701732713127021,0.22839584521052889,334.0074074074071,332.67407407407427,79.95555555555555,30,429652,0.045,1,0.55,0.2,0,0.055,0.005,0,0,0,0.5,0.2,0.45,0.2,0.14,0.01
0.13782882889010328,0.04813364349959183,0.047757706764971916,0.22771198264792472,340.42962962962974,339.0962962962961,80.07802469135801,30,49540,0.045,0.8,0.55,0.4,0,0.055,0.005,0,0,0,0.5,0.2,0.45,0.2,0.14,0.01
0.13830865759012828,0.05014238764579911,0.04976366328936008,0.226664289712677,349.6333333333332,348.300000000001,75.94740740740741,30,675141,0.05,0.8,0.55,0.3,0,0.07,0.005,0,0,0,0.5,0.2,0.45,0.2,0.14,0.01
0.13851320326971178,0.047952534443974223,0.047578423675269155,0.22926092747980187,338.62592592592654,337.29259259259265,79.8041975308642,30,287110,0.045,0.9,0.65,0.2,0,0.055,0.005,0,0,0,0.5,0.2,0.45,0.2,0.14,0.01
0.13872969137299096,0.045441736465261034,0.0450609953832267,0.23220801682173806,304.86296296296325,303.5296296296297,77.17703703703702,30,223758,0.045,0.9,0.55,0.2,0,0.07,0.005,0,0,0,0.5,0.2,0.45,0.2,0.14,0.01
0.13888683013747044,0.04736207554526897,0.046987521889187894,0.23059886155771242,333.55555555555566,332.22222222222223,80.57629629629628,30,239596,0.045,0.9,0.55,0.3,0,0.055,0.005,0,0,0,0.5,0.2,0.45,0.2,0.14,0.01
0.13892918343144764,0.04844212701418852,0.04806790360425913,0.22960335155367145,343.4925925925924,342.1592592592594,80.62691358024692,30,144568,0.045,0.8,0.75,0.2,0,0.055,0.005,0,0,0,0.5,0.2,0.45,0.2,0.14,0.01
0.13952944984263116,0.050504262304531596,0.05012546341855294,0.22874403682372005,351.366666666667,350.0333333333335,76.19185185185185,30,722655,0.05,0.8,0.65,0.2,0,0.07,0.005,0,0,0,0.5,0.2,0.45,0.2,0.14,0.01
0.1396664684592701,0.04575040944303072,0.04536948587709977,0.23377298925847498,307.537037037037,306.20370370370324,77.45901234567901,30,33702,0.045,0.8,0.55,0.3,0,0.07,0.005,0,0,0,0.5,0.2,0.45,0.2,0.14,0.01
0.14008909574172623,0.047819860760124226,0.04744097407330025,0.2325477740667402,322.99629629629607,321.6629629629632,77.60666666666665,30,81216,0.045,0.8,0.65,0.2,0,0.07,0.005,0,0,0,0.5,0.2,0.45,0.2,0.14,0.01
0.1403469400692033,0.05135297611294523,0.05097418135349579,0.2295303014051861,357.43333333333317,356.09999999999985,76.38148148148147,30,865197,0.05,0.9,0.55,0.2,0,0.07,0.005,0,0,0,0.5,0.2,0.45,0.2,0.14,0.01
0.14125048358473108,0.05625237838705252,0.05587877010727585,0.226435392922298,403.25925925925924,401.92592592592587,79.7762962962963,30,690979,0.05,0.8,0.55,0.4,0,0.055,0.005,0,0,0,0.5,0.2,0.45,0.2,0.14,0.01
0.14247545370517126,0.05783258999063439,0.057460208072720724,0.22730450837866498,414.3333333333328,412.9999999999997,80.70222222222222,30,928549,0.05,0.9,0.65,0.2,0,0.055,0.005,0,0,0,0.5,0.2,0.45,0.2,0.14,0.01
0.14249701932620873,0.05824195497631357,0.0578699868965826,0.22693806771596936,417.17407407407427,415.8407407407407,80.3864197530864,30,881035,0.05,0.9,0.55,0.3,0,0.055,0.005,0,0,0,0.5,0.2,0.45,0.2,0.14,0.01
0.14262055218928751,0.05755323299002882,0.05717938909998267,0.22787479333356928,412.59999999999985,411.26666666666654,80.3204938271605,30,786007,0.05,0.8,0.75,0.2,0,0.055,0.005,0,0,0,0.5,0.2,0.45,0.2,0.14,0.01
0.1431238628577837,0.05933514345115768,0.058962097100435255,0.22709910543977094,426.777777777778,425.44444444444406,80.56938271604938,30,1071091,0.05,1,0.55,0.2,0,0.055,0.005,0,0,0,0.5,0.2,0.45,0.2,0.14,0.01
0.14385313532778593,0.059171228151531134,0.058798787884424414,0.22872126263759407,424.59259259259255,423.25925925925924,80.88395061728394,30,738493,0.05,0.8,0.65,0.3,0,0.055,0.005,0,0,0,0.5,0.2,0.45,0.2,0.14,0.01
0.14539386722970232,0.0532706649860909,0.052135650259571405,0.23808457683657347,355,348.3333333333333,76.84197530864199,30,659303,0.05,0.8,0.55,0.2,0,0.085,0.005,0,0,0,0.5,0.2,0.45,0.2,0.14,0.01
0.14730721929459145,0.05230773777127182,0.051181415512862004,0.24286986194711602,338.2296296296298,331.56296296296296,78.4967901234568,30,17864,0.045,0.8,0.55,0.2,0,0.085,0.005,0,0,0,0.5,0.2,0.45,0.2,0.14,0.01
0.1510073614433139,0.06008924496836516,0.059717812830311176,0.24211119398728964,433.6999999999997,432.3666666666669,82.63135802469137,30,104973,0.045,0.8,0.65,0.3,0,0.07,0.005,0,0,0,0.5,0.2,0.45,0.2,0.14,0.01
0.15238968659965912,0.06089991755710536,0.06053015863977588,0.2440643351008776,439.67407407407416,438.34074074074056,84.0720987654321,30,437571,0.045,1,0.55,0.2,0,0.07,0.005,0,0,0,0.5,0.2,0.45,0.2,0.14,0.01
0.15268716707382127,0.06142557532436413,0.061053514201184225,0.24413478938486838,443.81111111111113,442.4777777777774,83.23037037037038,30,57459,0.045,0.8,0.55,0.4,0,0.07,0.005,0,0,0,0.5,0.2,0.45,0.2,0.14,0.01
0.15309341511554142,0.06050833599773813,0.060136518772794814,0.2458644028458164,437.4925925925923,436.159259259259,84.6046913580247,30,247515,0.045,0.9,0.55,0.3,0,0.07,0.005,0,0,0,0.5,0.2,0.45,0.2,0.14,0.01
0.15332403992551785,0.061269089536611226,0.06089764611392919,0.2455647120257655,442.94444444444395,441.6111111111114,84.33604938271604,30,152487,0.045,0.8,0.75,0.2,0,0.07,0.005,0,0,0,0.5,0.2,0.45,0.2,0.14,0.01
0.1552807537876402,0.058830548357480056,0.058453061720014014,0.25191970253653334,410.3370370370372,409.00370370370376,83.03185185185185,30,41621,0.045,0.8,0.55,0.3,0,0.085,0.005,0,0,0,0.5,0.2,0.45,0.2,0.14,0.01
0.15530824674583438,0.06276464713711813,0.06239402841613954,0.24803715571503993,454.5148148148152,453.18148148148134,84.65308641975307,30,295029,0.045,0.9,0.65,0.2,0,0.07,0.005,0,0,0,0.5,0.2,0.45,0.2,0.14,0.01
0.15592235164883816,0.059801659652358924,0.05942482302520588,0.2522314619588939,417.10740740740715,415.774074074074,83.40370370370371,30,231677,0.045,0.9,0.55,0.2,0,0.085,0.005,0,0,0,0.5,0.2,0.45,0.2,0.14,0.01
0.15628769231917317,0.06362542122218774,0.06325006929999982,0.24913763937725253,454.54074074074094,453.2074074074074,81.6395061728395,30,730574,0.05,0.8,0.65,0.2,0,0.085,0.005,0,0,0,0.5,0.2,0.45,0.2,0.14,0.01
0.15699093530846292,0.06496353711386275,0.06458967419846134,0.24920526496076376,465.24814814814795,463.91481481481503,82.43876543209876,30,873116,0.05,0.9,0.55,0.2,0,0.085,0.005,0,0,0,0.5,0.2,0.45,0.2,0.14,0.01
0.15708970243670953,0.07121233957910628,0.07084279504432932,0.24315183756170125,518.8592592592591,517.5259259259258,83.52246913580247,30,698898,0.05,0.8,0.55,0.4,0,0.07,0.005,0,0,0,0.5,0.2,0.45,0.2,0.14,0.01
0.15712014898811996,0.07244515254852466,0.07207759686409573,0.24197892326992973,527.4555555555557,526.1222222222226,83.74444444444445,30,746412,0.05,0.8,0.65,0.3,0,0.07,0.005,0,0,0,0.5,0.2,0.45,0.2,0.14,0.01
0.1571933517453285,0.07185054558663251,0.07148149209065302,0.2427206846520142,523.7222222222224,522.3888888888887,84.50641975308642,30,888954,0.05,0.9,0.55,0.3,0,0.07,0.005,0,0,0,0.5,0.2,0.45,0.2,0.14,0.01
0.15723376883098453,0.07378734464501846,0.07342083460835445,0.2408634480352826,534.1518518518513,532.8185185185188,87.1395061728395,30,120811,0.045,0.8,0.65,0.4,0,0.055,0.005,0,0,0,0.5,0.2,0.45,0.2,0.14,0.01
0.157351292613864,0.07218702118851161,0.07181843514747129,0.2426998570597365,525.7370370370373,524.4037037037039,83.98345679012345,30,793926,0.05,0.8,0.75,0.2,0,0.07,0.005,0,0,0,0.5,0.2,0.45,0.2,0.14,0.01
0.15749034984679555,0.059697937362482204,0.059320172890698415,0.2554716445670008,418.2296296296295,416.8962962962964,83.06419753086419,30,89135,0.045,0.8,0.65,0.2,0,0.085,0.005,0,0,0,0.5,0.2,0.45,0.2,0.14,0.01
0.15764027226380378,0.07247046874117298,0.07210418586417693,0.2429932172249326,527.4444444444446,526.111111111111,83.69777777777779,30,936468,0.05,0.9,0.65,0.2,0,0.07,0.005,0,0,0,0.5,0.2,0.45,0.2,0.14,0.01
0.15771309832177216,0.07239046932259935,0.07202216345411121,0.24321988025518904,527.3592592592588,526.025925925926,84.25160493827161,30,1079010,0.05,1,0.55,0.2,0,0.07,0.005,0,0,0,0.5,0.2,0.45,0.2,0.14,0.01
0.15781595696558512,0.07325927822271708,0.07289289939598091,0.24255582512182125,530.1555555555557,528.8222222222226,86.88592592592592,30,358381,0.045,0.9,0.75,0.2,0,0.055,0.005,0,0,0,0.5,0.2,0.45,0.2,0.14,0.01
0.15794988680545088,0.07533309935188862,0.07496835781270618,0.24074904502860436,545.2740740740737,543.9407407407408,86.7856790123457,30,500923,0.045,1,0.65,0.2,0,0.055,0.005,0,0,0,0.5,0.2,0.45,0.2,0.14,0.01
0.15807300786725098,0.06351166225746921,0.06313562300754559,0.25282237310199457,453.12962962962985,451.79629629629676,82.70888888888891,30,683060,0.05,0.8,0.55,0.3,0,0.085,0.005,0,0,0,0.5,0.2,0.45,0.2,0.14,0.01
0.15809886096955417,0.07504423289926287,0.07468030534266318,0.2413354528181453,542.3296296296298,540.9962962962962,87.1325925925926,30,453409,0.045,1,0.55,0.3,0,0.055,0.005,0,0,0,0.5,0.2,0.45,0.2,0.14,0.01
0.15901829913021262,0.07565493042222803,0.07528906707101206,0.24256459951380518,547.8296296296297,546.4962962962967,87.4953086419753,30,263353,0.045,0.9,0.55,0.4,0,0.055,0.005,0,0,0,0.5,0.2,0.45,0.2,0.14,0.01
0.1597220373960466,0.07602851181930893,0.07566389146147402,0.2435978731517017,550.6370370370372,549.3037037037037,87.83901234567901,30,310867,0.045,0.9,0.65,0.3,0,0.055,0.005,0,0,0,0.5,0.2,0.45,0.2,0.14,0.01
0.16003770923879768,0.07671897980885378,0.07635464571022793,0.24353860571805447,555.525925925926,554.1925925925924,87.90074074074076,30,168325,0.045,0.8,0.75,0.3,0,0.055,0.005,0,0,0,0.5,0.2,0.45,0.2,0.14,0.01
0.16466138603717806,0.08699509461360933,0.0866322598715597,0.2425090948317716,634.0148148148145,632.6814814814818,88.0953086419753,30,809764,0.05,0.8,0.75,0.3,0,0.055,0.005,0,0,0,0.5,0.2,0.45,0.2,0.14,0.01
0.1646864507703686,0.08726290010248919,0.08690088343037666,0.24229100977430423,635.6962962962957,634.3629629629627,88.65382716049382,30,762250,0.05,0.8,0.65,0.4,0,0.055,0.005,0,0,0,0.5,0.2,0.45,0.2,0.14,0.01
0.1649356639528155,0.0886260522157361,0.0882635789388213,0.24142651232835227,645.5592592592589,644.225925925926,88.58345679012345,30,1142362,0.05,1,0.65,0.2,0,0.055,0.005,0,0,0,0.5,0.2,0.45,0.2,0.14,0.01
0.16562973182592836,0.08774844714054136,0.08738528374732987,0.2436925982079211,640.1407407407405,638.8074074074074,89.05728395061728,30,952306,0.05,0.9,0.65,0.3,0,0.055,0.005,0,0,0,0.5,0.2,0.45,0.2,0.14,0.01
0.1657837362330951,0.08704900359418832,0.08668748200301203,0.24469922966759006,633.3888888888889,632.055555555556,88.87382716049382,30,1094848,0.05,1,0.55,0.3,0,0.055,0.005,0,0,0,0.5,0.2,0.45,0.2,0.14,0.01
0.16634248772378263,0.08695334067898254,0.0865904144806918,0.24591309786772808,633.6740740740738,632.3407407407408,88.81086419753086,30,999820,0.05,0.9,0.75,0.2,0,0.055,0.005,0,0,0,0.5,0.2,0.45,0.2,0.14,0.01
0.16644400283003422,0.08757499573094343,0.0872123815093686,0.24549431703991242,639.5148148148147,638.1814814814817,88.94,30,904792,0.05,0.9,0.55,0.4,0,0.055,0.005,0,0,0,0.5,0.2,0.45,0.2,0.14,0.01
0.16842025603011174,0.07379992804654836,0.07343458291147725,0.26322325658121065,539.6851851851853,538.3518518518518,89.07728395061729,30,445490,0.045,1,0.55,0.2,0,0.085,0.005,0,0,0,0.5,0.2,0.45,0.2,0.14,0.01
0.16865554547949638,0.07521288705976488,0.07484672107633374,0.26228128689094343,549.8037037037043,548.4703703703703,88.47283950617285,30,255434,0.045,0.9,0.55,0.3,0,0.085,0.005,0,0,0,0.5,0.2,0.45,0.2,0.14,0.01
0.16958383372242003,0.07435268420815032,0.0739845590713606,0.2649990458050846,544.1925925925926,542.8592592592591,88.84148148148148,30,112892,0.045,0.8,0.65,0.3,0,0.085,0.005,0,0,0,0.5,0.2,0.45,0.2,0.14,0.01
0.17064335947744083,0.07473567942983987,0.07436963961927955,0.26673405943032197,547.351851851852,546.0185185185187,89.82395061728397,30,302948,0.045,0.9,0.65,0.2,0,0.085,0.005,0,0,0,0.5,0.2,0.45,0.2,0.14,0.01
0.1712175428912584,0.07492772788573719,0.07456115646768643,0.26769064360580497,549.9592592592594,548.6259259259261,90.06444444444445,30,160406,0.045,0.8,0.75,0.2,0,0.085,0.005,0,0,0,0.5,0.2,0.45,0.2,0.14,0.01
0.1715547850707757,0.07571564012005397,0.07534891943765055,0.26757729036269917,555.3666666666661,554.0333333333333,90.10197530864197,30,65378,0.045,0.8,0.55,0.4,0,0.085,0.005,0,0,0,0.5,0.2,0.45,0.2,0.14,0.01
0.17266480991421376,0.08349610797298929,0.08313037177752827,0.26201637995316873,614.8,613.4666666666667,89.75407407407407,30,801845,0.05,0.8,0.75,0.2,0,0.085,0.005,0,0,0,0.5,0.2,0.45,0.2,0.14,0.01
0.17284569460805177,0.08316997253880999,0.08280561678005376,0.26270359455667164,611.6592592592592,610.3259259259261,89.01135802469135,30,754331,0.05,0.8,0.65,0.3,0,0.085,0.005,0,0,0,0.5,0.2,0.45,0.2,0.14,0.01
0.17301294319946062,0.08350486150609779,0.08314085953749517,0.26270302587712474,613.5592592592589,612.2259259259253,89.58098765432099,30,944387,0.05,0.9,0.65,0.2,0,0.085,0.005,0,0,0,0.5,0.2,0.45,0.2,0.14,0.01
0.1732399801119783,0.0891133000643918,0.08875263102074238,0.25754699468138953,651.9703703703703,650.6370370370369,91.03506172839506,30,318786,0.045,0.9,0.65,0.3,0,0.07,0.005,0,0,0,0.5,0.2,0.45,0.2,0.14,0.01
0.17369493201750305,0.08871821316032259,0.08835749908015313,0.25885200791476826,648.5037037037034,647.1703703703703,91.1041975308642,30,271272,0.045,0.9,0.55,0.4,0,0.07,0.005,0,0,0,0.5,0.2,0.45,0.2,0.14,0.01
0.17381017732668325,0.08475369188747357,0.0843893661374488,0.2630488256409053,623.4111111111114,622.0777777777777,89.88962962962962,30,706817,0.05,0.8,0.55,0.4,0,0.085,0.005,0,0,0,0.5,0.2,0.45,0.2,0.14,0.01
0.17383575939932042,0.08915007648705102,0.08878883460481328,0.25870206325270867,652.9296296296295,651.5962962962966,91.4758024691358,30,461328,0.045,1,0.55,0.3,0,0.07,0.005,0,0,0,0.5,0.2,0.45,0.2,0.14,0.01
0.17429540003107524,0.09000838783886321,0.08964700781079411,0.25876310223732185,658.6962962962962,657.3629629629631,91.5041975308642,30,366300,0.045,0.9,0.75,0.2,0,0.07,0.005,0,0,0,0.5,0.2,0.45,0.2,0.14,0.01
0.17442263217676074,0.08534956617119405,0.08498526083390537,0.2636778508509718,628.2555555555552,626.9222222222227,90.19432098765432,30,1086929,0.05,1,0.55,0.2,0,0.085,0.005,0,0,0,0.5,0.2,0.45,0.2,0.14,0.01
0.1744379293340068,0.08422920138031752,0.0838640542875016,0.2648292308341041,619.8296296296304,618.4962962962959,89.4883950617284,30,896873,0.05,0.9,0.55,0.3,0,0.085,0.005,0,0,0,0.5,0.2,0.45,0.2,0.14,0.01
0.17535918472422396,0.08908232507181588,0.08872033979674863,0.26181703701416564,653.0148148148145,651.6814814814815,91.12395061728395,30,508842,0.045,1,0.65,0.2,0,0.07,0.005,0,0,0,0.5,0.2,0.45,0.2,0.14,0.01
0.17537421370792158,0.08972039415357486,0.08936127120246032,0.26120759473782557,656.5074074074078,655.1740740740743,92.02592592592593,30,128730,0.045,0.8,0.65,0.4,0,0.07,0.005,0,0,0,0.5,0.2,0.45,0.2,0.14,0.01
0.17544192778338824,0.08914461808673033,0.08878328050957757,0.26191990626862255,652.7407407407408,651.4074074074077,91.93283950617284,30,176244,0.045,0.8,0.75,0.3,0,0.07,0.005,0,0,0,0.5,0.2,0.45,0.2,0.14,0.01
0.18007005093363404,0.10238495460176057,0.10203097255143836,0.2579321382906686,747.5962962962965,746.2629629629632,95.88864197530864,30,334624,0.045,0.9,0.65,0.4,0,0.055,0.005,0,0,0,0.5,0.2,0.45,0.2,0.14,0.01
0.18009795492955463,0.10102073589357025,0.10066333794716267,0.2593538729387428,742.7370370370372,741.4037037037037,92.2846913580247,30,817683,0.05,0.8,0.75,0.3,0,0.07,0.005,0,0,0,0.5,0.2,0.45,0.2,0.14,0.01
0.18086914177975078,0.1005629506875768,0.1002038751499895,0.2613548706407184,739.6740740740742,738.3407407407411,93.22913580246913,30,770169,0.05,0.8,0.65,0.4,0,0.07,0.005,0,0,0,0.5,0.2,0.45,0.2,0.14,0.01
0.1810407590608064,0.10123593460361419,0.10087628887944323,0.26102540638008415,744.7666666666669,743.4333333333334,93.31975308641977,30,1150281,0.05,1,0.65,0.2,0,0.07,0.005,0,0,0,0.5,0.2,0.45,0.2,0.14,0.01
0.18127106453671413,0.10338031744978253,0.103025248299131,0.2593393461989715,756.1259259259258,754.7925925925931,96.2711111111111,30,572194,0.045,1,0.75,0.2,0,0.055,0.005,0,0,0,0.5,0.2,0.45,0.2,0.14,0.01
0.18151426830951442,0.10086132607242743,0.10050222087634947,0.2623467631446404,742.2185185185186,740.8851851851852,93.38839506172839,30,960225,0.05,0.9,0.65,0.3,0,0.07,0.005,0,0,0,0.5,0.2,0.45,0.2,0.14,0.01
0.1815235312910009,0.10138904471818112,0.1010312868151165,0.261836896815353,745.7296296296298,744.3962962962964,92.86444444444444,30,1007739,0.05,0.9,0.75,0.2,0,0.07,0.005,0,0,0,0.5,0.2,0.45,0.2,0.14,0.01
0.18160556146020118,0.10210619354925403,0.10175023190005532,0.2612829101957477,746.7444444444441,745.4111111111105,96.23827160493826,30,192082,0.045,0.8,0.75,0.4,0,0.055,0.005,0,0,0,0.5,0.2,0.45,0.2,0.14,0.01
0.1816218148150083,0.1016065702620131,0.10124753797003556,0.2618165755139923,747.1740740740734,745.8407407407407,93.54938271604938,30,912711,0.05,0.9,0.55,0.4,0,0.07,0.005,0,0,0,0.5,0.2,0.45,0.2,0.14,0.01
0.18168867575192593,0.1028957269027963,0.10254026040878376,0.2606593578480618,752.4148148148148,751.0814814814815,96.44543209876542,30,524680,0.045,1,0.65,0.3,0,0.055,0.005,0,0,0,0.5,0.2,0.45,0.2,0.14,0.01
0.1820972963328238,0.10082746865578446,0.10046891149584719,0.26354640258983175,741.4999999999997,740.1666666666666,93.39679012345678,30,1102767,0.05,1,0.55,0.3,0,0.07,0.005,0,0,0,0.5,0.2,0.45,0.2,0.14,0.01
0.1832864759313518,0.10475825439029511,0.10440299868642015,0.26199232532434596,766.5740740740744,765.2407407407408,97.6758024691358,30,477166,0.045,1,0.55,0.4,0,0.055,0.005,0,0,0,0.5,0.2,0.45,0.2,0.14,0.01
0.18346621564522153,0.10463698008055644,0.104281128055222,0.2624733772225538,766.4111111111107,765.077777777778,96.86246913580247,30,382138,0.045,0.9,0.75,0.3,0,0.055,0.005,0,0,0,0.5,0.2,0.45,0.2,0.14,0.01
0.18960783950665538,0.11760141591118613,0.11724887708874282,0.2617905325133463,863.6407407407409,862.3074074074075,98.9804938271605,30,1023577,0.05,0.9,0.75,0.3,0,0.055,0.005,0,0,0,0.5,0.2,0.45,0.2,0.14,0.01
0.19040359655614025,0.11796333193409997,0.11761261688728673,0.2630192187015872,866.1666666666661,864.8333333333329,99.76469135802469,30,833521,0.05,0.8,0.75,0.4,0,0.055,0.005,0,0,0,0.5,0.2,0.45,0.2,0.14,0.01
0.1905349805212097,0.10162614886429926,0.10126868482643976,0.2796225441970499,749.5111111111112,748.1777777777778,97.26518518518519,30,136649,0.045,0.8,0.65,0.4,0,0.085,0.005,0,0,0,0.5,0.2,0.45,0.2,0.14,0.01
0.19120941192423968,0.11808818533119465,0.11773532326360178,0.26450706955108116,867.1185185185186,865.7851851851851,99.32987654320988,30,1118605,0.05,1,0.55,0.4,0,0.055,0.005,0,0,0,0.5,0.2,0.45,0.2,0.14,0.01
0.19124955462260934,0.10150020140250295,0.10114185681679591,0.2811780801355692,748.8888888888885,747.5555555555559,97.30567901234569,30,326705,0.045,0.9,0.65,0.3,0,0.085,0.005,0,0,0,0.5,0.2,0.45,0.2,0.14,0.01
0.19149483560200176,0.1182797041518079,0.11792771961433278,0.2648859593209332,868.3185185185185,866.9851851851851,99.60197530864198,30,1166119,0.05,1,0.65,0.3,0,0.055,0.005,0,0,0,0.5,0.2,0.45,0.2,0.14,0.01
0.19160054993468706,0.11850389665035473,0.11815264083105742,0.26487283112866805,868.8259259259261,867.4925925925934,99.9943209876543,30,976063,0.05,0.9,0.65,0.4,0,0.055,0.005,0,0,0,0.5,0.2,0.45,0.2,0.14,0.01
0.19201449613534516,0.10380675111461041,0.10345061689108569,0.2804003082678423,766.2925925925928,764.959259259259,97.4841975308642,30,374219,0.045,0.9,0.75,0.2,0,0.085,0.005,0,0,0,0.5,0.2,0.45,0.2,0.14,0.01
0.19216309473051957,0.11984911871189702,0.11949956943083502,0.2646518453896731,879.3925925925929,878.0592592592596,100.10617283950619,30,1213633,0.05,1,0.75,0.2,0,0.055,0.005,0,0,0,0.5,0.2,0.45,0.2,0.14,0.01
0.19288933831641114,0.10197046579317763,0.10161240211056875,0.2839872426809491,753.2296296296291,751.8962962962967,98.21333333333332,30,516761,0.045,1,0.65,0.2,0,0.085,0.005,0,0,0,0.5,0.2,0.45,0.2,0.14,0.01
0.19291304580848362,0.10251453054560561,0.10215815769347097,0.28348974749742895,756.9666666666667,755.6333333333339,98.02296296296296,30,184163,0.045,0.8,0.75,0.3,0,0.085,0.005,0,0,0,0.5,0.2,0.45,0.2,0.14,0.01
0.1936648809103379,0.10423494242544992,0.1038779988656654,0.2832732911751181,769.5222222222225,768.1888888888889,98.1241975308642,30,469247,0.045,1,0.55,0.3,0,0.085,0.005,0,0,0,0.5,0.2,0.45,0.2,0.14,0.01
0.19400842494734716,0.10462620816377476,0.10426876910573593,0.283569361259939,773.2222222222221,771.8888888888883,98.16543209876544,30,279191,0.045,0.9,0.55,0.4,0,0.085,0.005,0,0,0,0.5,0.2,0.45,0.2,0.14,0.01
0.1964892918585066,0.11311845007593452,0.11276287230764631,0.2800379225252228,838.0592592592596,836.725925925926,98.45234567901235,30,968144,0.05,0.9,0.65,0.3,0,0.085,0.005,0,0,0,0.5,0.2,0.45,0.2,0.14,0.01
0.19702141697789183,0.11271453013138827,0.11235959257773749,0.2815057726012208,834.9629629629634,833.62962962963,98.67851851851853,30,1110686,0.05,1,0.55,0.3,0,0.085,0.005,0,0,0,0.5,0.2,0.45,0.2,0.14,0.01
0.19710878685507965,0.11694681496775251,0.11659563807808142,0.2774463471872423,861.9037037037036,860.5703703703703,100.92543209876543,30,580113,0.045,1,0.75,0.2,0,0.07,0.005,0,0,0,0.5,0.2,0.45,0.2,0.14,0.01
0.1972735261661643,0.11673506938871027,0.11638390133096764,0.27798756697248966,859.9703703703707,858.6370370370365,100.85530864197531,30,390057,0.045,0.9,0.75,0.3,0,0.07,0.005,0,0,0,0.5,0.2,0.45,0.2,0.14,0.01
0.19752124059984213,0.11750106610246694,0.11715147300776146,0.27771621164457005,864.5074074074079,863.1740740740747,100.61407407407408,30,485085,0.045,1,0.55,0.4,0,0.07,0.005,0,0,0,0.5,0.2,0.45,0.2,0.14,0.01
0.19760915234714488,0.1133473082720502,0.11299355005452247,0.2820478755310034,838.1518518518517,836.8185185185187,99.1962962962963,30,825602,0.05,0.8,0.75,0.3,0,0.085,0.005,0,0,0,0.5,0.2,0.45,0.2,0.14,0.01
0.1978247569926958,0.11328975713316887,0.11293379840656079,0.28253773621552675,838.3666666666663,837.0333333333331,98.90839506172841,30,1015658,0.05,0.9,0.75,0.2,0,0.085,0.005,0,0,0,0.5,0.2,0.45,0.2,0.14,0.01
0.19792544331939738,0.11221651279973704,0.11186101159399413,0.28381212444192916,830.2851851851848,828.9518518518521,98.9320987654321,30,778088,0.05,0.8,0.65,0.4,0,0.085,0.005,0,0,0,0.5,0.2,0.45,0.2,0.14,0.01
0.1980163853012524,0.11586559118892015,0.11551255329433815,0.28034369836087564,857.0555555555557,855.7222222222222,99.13604938271605,30,920630,0.05,0.9,0.55,0.4,0,0.085,0.005,0,0,0,0.5,0.2,0.45,0.2,0.14,0.01
0.19832475393064286,0.1172832723426109,0.11693407624414655,0.279540833567907,863.6555555555558,862.3222222222223,101.29358024691358,30,342543,0.045,0.9,0.65,0.4,0,0.07,0.005,0,0,0,0.5,0.2,0.45,0.2,0.14,0.01
0.19853108506908246,0.11915762591495244,0.11880684320985396,0.2780799355757617,878.4518518518516,877.1185185185185,100.94617283950619,30,532599,0.045,1,0.65,0.3,0,0.07,0.005,0,0,0,0.5,0.2,0.45,0.2,0.14,0.01
0.19923825597396677,0.11468851801588292,0.11433510259005056,0.2839647016449668,848.4666666666665,847.1333333333338,99.50617283950616,30,1158200,0.05,1,0.65,0.2,0,0.085,0.005,0,0,0,0.5,0.2,0.45,0.2,0.14,0.01
0.19969044043803724,0.11899614658069761,0.1186464456926746,0.28055958473938836,877.0407407407406,875.7074074074073,101.39432098765434,30,200001,0.045,0.8,0.75,0.4,0,0.07,0.005,0,0,0,0.5,0.2,0.45,0.2,0.14,0.01
0.204212688901634,0.1289995774939649,0.12865050095376634,0.27960033857940236,952.6592592592596,951.3259259259261,103.05975308641976,30,1174038,0.05,1,0.65,0.3,0,0.07,0.005,0,0,0,0.5,0.2,0.45,0.2,0.14,0.01
0.20457605320775693,0.12955175604243468,0.12920276090546584,0.2797748479415636,956.148148148148,954.8148148148147,103.13432098765432,30,841440,0.05,0.8,0.75,0.4,0,0.07,0.005,0,0,0,0.5,0.2,0.45,0.2,0.14,0.01
0.20555608212693846,0.12905165397759794,0.1287020868233311,0.2822352938534124,953.2407407407409,951.9074074074067,103.53358024691357,30,1126524,0.05,1,0.55,0.4,0,0.07,0.005,0,0,0,0.5,0.2,0.45,0.2,0.14,0.01
0.20572321781877023,0.13068137957536632,0.13033246649661692,0.2809395126015488,966.1407407407407,964.807407407407,103.64888888888888,30,1031496,0.05,0.9,0.75,0.3,0,0.07,0.005,0,0,0,0.5,0.2,0.45,0.2,0.14,0.01
0.20573046700805128,0.12940926015081403,0.12905960418147705,0.282226501849957,955.2777777777782,953.9444444444442,103.54395061728394,30,983982,0.05,0.9,0.65,0.4,0,0.07,0.005,0,0,0,0.5,0.2,0.45,0.2,0.14,0.01
0.20629102770199723,0.13355468131890483,0.13321030888152063,0.27919956030378174,979.188888888889,977.8555555555553,106.7237037037037,30,595951,0.045,1,0.75,0.3,0,0.055,0.005,0,0,0,0.5,0.2,0.45,0.2,0.14,0.01
0.2063547735012641,0.12989307440294745,0.12954448357002266,0.28299076801604317,959.3444444444443,958.0111111111114,104.00172839506175,30,1221552,0.05,1,0.75,0.2,0,0.07,0.005,0,0,0,0.5,0.2,0.45,0.2,0.14,0.01
0.20827820762158877,0.13419934192374783,0.13385633131786973,0.2825285786223688,983.7740740740745,982.440740740741,106.66790123456789,30,405895,0.045,0.9,0.75,0.4,0,0.055,0.005,0,0,0,0.5,0.2,0.45,0.2,0.14,0.01
0.2086001051996412,0.1361155954953337,0.13577203171085883,0.28125639679618614,996.0222222222214,994.6888888888888,107.36888888888888,30,548437,0.045,1,0.65,0.4,0,0.055,0.005,0,0,0,0.5,0.2,0.45,0.2,0.14,0.01
0.21414797958282658,0.12946689403484324,0.12911848108134372,0.2990032716075597,959.6370370370369,958.3037037037034,107.15802469135802,30,540518,0.045,1,0.65,0.3,0,0.085,0.005,0,0,0,0.5,0.2,0.45,0.2,0.14,0.01
0.21501912114760224,0.1307916177736169,0.13044404612676963,0.2994204103450112,968.9962962962968,967.6629629629634,107.43135802469136,30,397976,0.045,0.9,0.75,0.3,0,0.085,0.005,0,0,0,0.5,0.2,0.45,0.2,0.14,0.01
0.21530085419705783,0.1311793733293522,0.13083335338382193,0.2995953450375286,971.9296296296293,970.5962962962961,106.98592592592594,30,588032,0.045,1,0.75,0.2,0,0.085,0.005,0,0,0,0.5,0.2,0.45,0.2,0.14,0.01
0.21573850908233635,0.12895445874071015,0.12860674788276266,0.3026964148529363,955.3962962962966,954.0629629629628,107.4935802469136,30,493004,0.045,1,0.55,0.4,0,0.085,0.005,0,0,0,0.5,0.2,0.45,0.2,0.14,0.01
0.2162099631751237,0.14832384878493388,0.1479807486522586,0.28426762763165114,1086.177777777778,1084.8444444444442,110.01037037037037,30,1047334,0.05,0.9,0.75,0.4,0,0.055,0.005,0,0,0,0.5,0.2,0.45,0.2,0.14,0.01
0.21626135651451797,0.13136561633662402,0.13101795136555427,0.3013309291779468,973.2518518518514,971.9185185185183,107.61037037037038,30,207920,0.045,0.8,0.75,0.4,0,0.085,0.005,0,0,0,0.5,0.2,0.45,0.2,0.14,0.01
0.2169098517582438,0.14988033615066132,0.14953849718362477,0.28411028684934453,1097.4185185185188,1096.085185185185,110.66345679012346,30,1189876,0.05,1,0.65,0.4,0,0.055,0.005,0,0,0,0.5,0.2,0.45,0.2,0.14,0.01
0.21896251363729902,0.1332192309679307,0.1328725916710339,0.30487911595511574,987.8888888888891,986.5555555555555,108.95555555555558,30,350462,0.045,0.9,0.65,0.4,0,0.085,0.005,0,0,0,0.5,0.2,0.45,0.2,0.14,0.01
0.21929673036167857,0.151892992076832,0.15155148295310675,0.28687122320838776,1112.82962962963,1111.4962962962961,110.75753086419753,30,1237390,0.05,1,0.75,0.3,0,0.055,0.005,0,0,0,0.5,0.2,0.45,0.2,0.14,0.01
0.22258301795932073,0.14270924183482794,0.142365216146494,0.3026288069279805,1059.6037037037042,1058.2703703703703,109.28913580246915,30,1181957,0.05,1,0.65,0.3,0,0.085,0.005,0,0,0,0.5,0.2,0.45,0.2,0.14,0.01
0.22307892098532453,0.1426976576838517,0.14235321486888294,0.30363240569428174,1059.0777777777776,1057.744444444444,110.02888888888891,30,1134443,0.05,1,0.55,0.4,0,0.085,0.005,0,0,0,0.5,0.2,0.45,0.2,0.14,0.01
0.22348710473822744,0.1438300074052692,0.14348467120378416,0.3033168701719282,1067.8074074074075,1066.474074074074,110.23901234567901,30,991901,0.05,0.9,0.65,0.4,0,0.085,0.005,0,0,0,0.5,0.2,0.45,0.2,0.14,0.01
0.22353633792110272,0.14427059749092133,0.14392528567350074,0.3029747342599944,1069.8037037037034,1068.4703703703706,110.15876543209878,30,1229471,0.05,1,0.75,0.2,0,0.085,0.005,0,0,0,0.5,0.2,0.45,0.2,0.14,0.01
0.22366782599039012,0.14394121665314735,0.14359626616572838,0.3035669105713424,1068.3444444444447,1067.0111111111119,110.08320987654322,30,849359,0.05,0.8,0.75,0.4,0,0.085,0.005,0,0,0,0.5,0.2,0.45,0.2,0.14,0.01
0.22391500498366634,0.14856878703785076,0.14822906531739308,0.2994310837897108,1095.2481481481482,1093.914814814815,112.3153086419753,30,413814,0.045,0.9,0.75,0.4,0,0.07,0.005,0,0,0,0.5,0.2,0.45,0.2,0.14,0.01
0.22412892310937022,0.14831457127290576,0.147972935234973,0.30011409296480107,1093.3370370370371,1092.003703703704,111.71086419753085,30,603870,0.045,1,0.75,0.3,0,0.07,0.005,0,0,0,0.5,0.2,0.45,0.2,0.14,0.01
0.22505839153221113,0.14465464154288274,0.14430876713065477,0.3056350787276535,1073.6814814814816,1072.3481481481479,111.08641975308643,30,1039415,0.05,0.9,0.75,0.3,0,0.085,0.005,0,0,0,0.5,0.2,0.45,0.2,0.14,0.01
0.22532371297209672,0.1501812633352387,0.14984186875545907,0.30063585989884456,1106.6777777777777,1105.3444444444442,112.61802469135803,30,556356,0.045,1,0.65,0.4,0,0.07,0.005,0,0,0,0.5,0.2,0.45,0.2,0.14,0.01
0.2316874538950487,0.16157508920522357,0.16123481913056098,0.30196995362220513,1190.2666666666669,1188.9333333333334,114.7595061728395,30,1245309,0.05,1,0.75,0.3,0,0.07,0.005,0,0,0,0.5,0.2,0.45,0.2,0.14,0.01
0.23404974002566234,0.16511693107597475,0.16477881892461696,0.30315160505102884,1215.7814814814817,1214.4481481481482,115.85851851851855,30,1055253,0.05,0.9,0.75,0.4,0,0.07,0.005,0,0,0,0.5,0.2,0.45,0.2,0.14,0.01
0.2345419347869973,0.16704700811204173,0.16671249591107248,0.30220411756243754,1220.9148148148151,1219.5814814814812,119.099012345679,30,619708,0.045,1,0.75,0.4,0,0.055,0.005,0,0,0,0.5,0.2,0.45,0.2,0.14,0.01
0.23457955217293205,0.16402100690069685,0.1636826863569837,0.30530725771702383,1207.3851851851848,1206.0518518518516,115.598024691358,30,1197795,0.05,1,0.65,0.4,0,0.07,0.005,0,0,0,0.5,0.2,0.45,0.2,0.14,0.01
0.23950495569083072,0.16024396929410575,0.15990568690288115,0.318935083283168,1186.8740740740745,1185.540740740741,117.9985185185185,30,564275,0.045,1,0.65,0.4,0,0.085,0.005,0,0,0,0.5,0.2,0.45,0.2,0.14,0.01
0.24133635037531645,0.16084556256991403,0.16050846562065413,0.32199568665534883,1191.0629629629632,1189.72962962963,118.04617283950617,30,421733,0.045,0.9,0.75,0.4,0,0.085,0.005,0,0,0,0.5,0.2,0.45,0.2,0.14,0.01
0.2425614668316281,0.16188310973253112,0.16154508702155285,0.3234088352862142,1199.0222222222214,1197.6888888888886,119.09135802469135,30,611789,0.045,1,0.75,0.3,0,0.085,0.005,0,0,0,0.5,0.2,0.45,0.2,0.14,0.01
0.24709335550291686,0.18397377913353094,0.18364215293587394,0.31037874497113127,1346.2074074074073,1344.8740740740745,122.28592592592592,30,1261147,0.05,1,0.75,0.4,0,0.055,0.005,0,0,0,0.5,0.2,0.45,0.2,0.14,0.01
0.2506560797469626,0.18089970761341156,0.18056785238757792,0.3205783794934305,1329.8148148148157,1328.481481481482,123.57481481481483,30,627627,0.045,1,0.75,0.4,0,0.07,0.005,0,0,0,0.5,0.2,0.45,0.2,0.14,0.01
0.2507596578646537,0.1752010988708927,0.17486535339508244,0.3264860895963199,1294.8592592592597,1293.525925925926,121.89827160493827,30,1205714,0.05,1,0.65,0.4,0,0.085,0.005,0,0,0,0.5,0.2,0.45,0.2,0.14,0.01
0.25180034969938614,0.17598776408492256,0.1756524177309957,0.32778060849081314,1300.9740740740745,1299.6407407407407,122.36518518518518,30,1063172,0.05,0.9,0.75,0.4,0,0.085,0.005,0,0,0,0.5,0.2,0.45,0.2,0.14,0.01
0.2526580970696769,0.17733487760971747,0.17699910489350504,0.3281492028877425,1310.0925925925926,1308.7592592592584,122.85407407407408,30,1253228,0.05,1,0.75,0.3,0,0.085,0.005,0,0,0,0.5,0.2,0.45,0.2,0.14,0.01
0.2621025340512202,0.19701331642433265,0.19668396886504141,0.3273564254577534,1447.4444444444441,1446.1111111111104,127.17777777777779,30,1269066,0.05,1,0.75,0.4,0,0.07,0.005,0,0,0,0.5,0.2,0.45,0.2,0.14,0.01
0.2708258608333921,0.19359052637679558,0.19326371893011657,0.34822459901332814,1430.5925925925924,1429.2592592592596,130.9432098765432,30,635546,0.045,1,0.75,0.4,0,0.085,0.005,0,0,0,0.5,0.2,0.45,0.2,0.14,0.01
0.2796991047363381,0.21007032677620266,0.20974831180891268,0.3494888901801185,1547.6925925925923,1546.3592592592595,134.33851851851853,30,1276985,0.05,1,0.75,0.4,0,0.085,0.005,0,0,0,0.5,0.2,0.45,0.2,0.14,0.01
