score,grid_mape,grade_mape,grid_mae,grade_mae,runs,seed,turnover,first_child,second_child,third_child,student_exit,early_birth,later_birth,tk8_exit,high_exit,special_exit,tkk_weight,elementary_weight,middle_weight,high_weight,special_weight
0.01910922668199197,0.019316618389986176,0.018901834973997764,132.74222222222247,131.40888888888924,50,2781595,0.135,0.65,0.5,0.1,0,0.03,0,0,0,0,0.2,0.45,0.2,0.14,0.01
0.019427115069125096,0.019634522606230775,0.019219707532019417,134.89111111111117,133.55777777777743,50,3161707,0.135,0.75,0.4,0.1,0,0.03,0,0,0,0,0.2,0.45,0.2,0.14,0.01
0.019439931490157707,0.019647169865263242,0.019232693115052175,134.80666666666627,133.47333333333336,50,2718243,0.135,0.65,0.45,0.15,0,0.03,0,0,0,0,0.2,0.45,0.2,0.14,0.01
0.019531469596901545,0.019738040369621023,0.01932489882418207,135.67555555555523,134.34222222222192,50,2971651,0.135,0.7,0.45,0.1,0,0.03,0,0,0,0,0.2,0.45,0.2,0.14,0.01
0.01954129998543455,0.019762930373371554,0.01931966959749755,134.14666666666665,132.591111111111,50,2076804,0.125,0.7,0.4,0.18,0,0.02,0,0,0,0,0.2,0.45,0.2,0.14,0.01
0.01956512027334809,0.019787152476361022,0.019343088070335156,135.09333333333313,133.5377777777777,50,1886748,0.125,0.65,0.45,0.18,0,0.02,0,0,0,0,0.2,0.45,0.2,0.14,0.01
0.019582754900753223,0.01978934454033124,0.019376165261175204,135.3888888888888,134.05555555555586,50,1292823,0.115,0.7,0.45,0.15,0,0.03,0,0,0,0,0.2,0.45,0.2,0.14,0.01
0.019612167197019085,0.01985616216988669,0.019368172224151478,135.43777777777794,133.5666666666668,50,2773676,0.135,0.65,0.5,0.1,0,0.02,0,0,0,0,0.2,0.45,0.2,0.14,0.01
0.01961682942180369,0.019824565913750515,0.01940909292985687,135.85333333333307,134.52000000000055,50,2908299,0.135,0.7,0.4,0.15,0,0.03,0,0,0,0,0.2,0.45,0.2,0.14,0.01
0.019679852989382754,0.01988705495750348,0.019472651021262024,135.70444444444445,134.37111111111082,50,1102767,0.115,0.65,0.5,0.15,0,0.03,0,0,0,0,0.2,0.45,0.2,0.14,0.01
0.01987634083808383,0.020296176524291998,0.01945650515187566,139.5377777777778,135.21333333333325,50,2963732,0.135,0.7,0.45,0.1,0,0.02,0,0,0,0,0.2,0.45,0.2,0.14,0.01
0.019909921462303654,0.020246984227557392,0.019572858697049916,138.93777777777802,135.77333333333323,50,2710324,0.135,0.65,0.45,0.15,0,0.02,0,0,0,0,0.2,0.45,0.2,0.14,0.01
0.019916973696950332,0.020123971415322878,0.019709975978577786,137.5822222222225,136.24888888888887,50,1482879,0.115,0.75,0.4,0.15,0,0.03,0,0,0,0,0.2,0.45,0.2,0.14,0.01
0.019936032760038254,0.020214928296920093,0.01965713722315642,138.67999999999998,136.32444444444465,50,2900380,0.135,0.7,0.4,0.15,0,0.02,0,0,0,0,0.2,0.45,0.2,0.14,0.01
0.01997352306469554,0.02018061794692331,0.01976642818246777,138.268888888889,136.93555555555537,50,1546231,0.115,0.75,0.45,0.1,0,0.03,0,0,0,0,0.2,0.45,0.2,0.14,0.01
0.019981319361678126,0.020188612395676393,0.01977402632767986,137.89777777777758,136.56444444444455,50,1356175,0.115,0.7,0.5,0.1,0,0.03,0,0,0,0,0.2,0.45,0.2,0.14,0.01
0.020035316545026372,0.020241684894787608,0.019828948195265136,138.1711111111108,136.8377777777779,50,659303,0.105,0.75,0.4,0.18,0,0.03,0,0,0,0,0.2,0.45,0.2,0.14,0.01
0.020056453286797372,0.02027872427101806,0.01983418230257668,138.53555555555533,136.97999999999996,50,1348256,0.115,0.7,0.5,0.1,0,0.02,0,0,0,0,0.2,0.45,0.2,0.14,0.01
0.020135065311089936,0.020505622886873784,0.019764507735306087,140.5600000000002,136.91999999999987,50,3153788,0.135,0.75,0.4,0.1,0,0.02,0,0,0,0,0.2,0.45,0.2,0.14,0.01
0.02025405202295625,0.020461301275674207,0.020046802770238292,140.80444444444421,139.47111111111158,50,2084723,0.125,0.7,0.4,0.18,0,0.03,0,0,0,0,0.2,0.45,0.2,0.14,0.01
0.020324171710741856,0.020530240397200833,0.020118103024282876,139.91555555555573,138.5822222222224,50,469247,0.105,0.7,0.45,0.18,0,0.03,0,0,0,0,0.2,0.45,0.2,0.14,0.01
0.02033441807537611,0.020556192056428876,0.020112644094323347,140.30666666666679,138.75111111111093,50,1474960,0.115,0.75,0.4,0.15,0,0.02,0,0,0,0,0.2,0.45,0.2,0.14,0.01
0.020372920262624217,0.0205942390774166,0.020151601447831832,140.60666666666677,139.05111111111123,50,651384,0.105,0.75,0.4,0.18,0,0.02,0,0,0,0,0.2,0.45,0.2,0.14,0.01
0.02046301163956952,0.02066847354177102,0.020257549737368017,138.6644444444447,137.33111111111086,50,524680,0.105,0.7,0.5,0.15,0,0.02,0,0,0,0,0.2,0.45,0.2,0.14,0.01
0.020520312235044854,0.02072697067115561,0.020313653798934097,142.3377777777781,141.00444444444454,50,1894667,0.125,0.65,0.45,0.18,0,0.03,0,0,0,0,0.2,0.45,0.2,0.14,0.01
0.020559501468892467,0.020781000790194733,0.020338002147590198,141.92888888888865,140.3733333333334,50,1538312,0.115,0.75,0.45,0.1,0,0.02,0,0,0,0,0.2,0.45,0.2,0.14,0.01
0.02059449943866911,0.02081643737495606,0.020372561502382164,140.26444444444425,138.7088888888886,50,2132237,0.125,0.7,0.45,0.15,0,0.01,0,0,0,0,0.2,0.45,0.2,0.14,0.01
0.02059711429073311,0.020818349778170986,0.020375878803295232,139.72222222222223,138.16666666666677,50,2322293,0.125,0.75,0.4,0.15,0,0.01,0,0,0,0,0.2,0.45,0.2,0.14,0.01
0.020605428060163168,0.02081177784097568,0.020399078279350655,139.9866666666672,138.65333333333334,50,714736,0.105,0.75,0.45,0.15,0,0.02,0,0,0,0,0.2,0.45,0.2,0.14,0.01
0.020641319215567472,0.020991463334385813,0.02029117509674913,144.1777777777776,140.82222222222208,50,1284904,0.115,0.7,0.45,0.15,0,0.02,0,0,0,0,0.2,0.45,0.2,0.14,0.01
0.020669350076321445,0.021052846062062026,0.020285854090580868,143.97555555555502,140.14888888888902,50,1094848,0.115,0.65,0.5,0.15,0,0.02,0,0,0,0,0.2,0.45,0.2,0.14,0.01
0.020686559916818205,0.02089403413524875,0.020479085698387665,139.68888888888875,138.35555555555572,50,2734081,0.135,0.65,0.45,0.18,0,0.01,0,0,0,0,0.2,0.45,0.2,0.14,0.01
0.020766084643795937,0.02097269581086355,0.02055947347672833,142.82444444444445,141.4911111111109,50,279191,0.105,0.65,0.5,0.18,0,0.03,0,0,0,0,0.2,0.45,0.2,0.14,0.01
0.02078601565577423,0.02100818149801631,0.02056384981353215,143.4688888888888,141.91333333333336,50,461328,0.105,0.7,0.45,0.18,0,0.02,0,0,0,0,0.2,0.45,0.2,0.14,0.01
0.020889648746495994,0.021161753466538105,0.02061754402645388,144.65999999999985,142.39333333333343,50,271272,0.105,0.65,0.5,0.18,0,0.02,0,0,0,0,0.2,0.45,0.2,0.14,0.01
0.020950269298377712,0.021466924868049162,0.020433613728706265,148.14666666666653,142.46666666666644,50,2955813,0.135,0.7,0.45,0.1,0,0.01,0,0,0,0,0.2,0.45,0.2,0.14,0.01
0.021008753334318328,0.021509147678092914,0.020508358990543745,147.83999999999983,142.3866666666665,50,2068885,0.125,0.7,0.4,0.18,0,0.01,0,0,0,0,0.2,0.45,0.2,0.14,0.01
0.021063402307825437,0.021284461399678496,0.020842343215972378,143.93777777777782,142.38222222222188,50,706817,0.105,0.75,0.45,0.15,0,0.01,0,0,0,0,0.2,0.45,0.2,0.14,0.01
0.0211162037487055,0.021718598021757202,0.020513809475653802,149.5822222222223,142.6933333333331,50,2892461,0.135,0.7,0.4,0.15,0,0.01,0,0,0,0,0.2,0.45,0.2,0.14,0.01
0.021195858405727727,0.021796243049261723,0.020595473762193728,151.22222222222192,144.33333333333354,50,1229471,0.115,0.7,0.4,0.18,0,0.03,0,0,0,0,0.2,0.45,0.2,0.14,0.01
0.021282008902200583,0.021489114866907966,0.0210749029374932,145.56666666666692,144.23333333333338,50,2330212,0.125,0.75,0.4,0.15,0,0.02,0,0,0,0,0.2,0.45,0.2,0.14,0.01
0.021338521849985602,0.021559645499952856,0.02111739820001835,144.4333333333336,142.87777777777714,50,2385645,0.125,0.75,0.45,0.1,0,0.01,0,0,0,0,0.2,0.45,0.2,0.14,0.01
0.021353393004662696,0.021559638613427697,0.021147147395897695,146.22444444444488,144.89111111111117,50,2393564,0.125,0.75,0.45,0.1,0,0.02,0,0,0,0,0.2,0.45,0.2,0.14,0.01
0.021358694320323897,0.021761381475930635,0.020956007164717162,149.5377777777781,145.45333333333332,50,1340337,0.115,0.7,0.5,0.1,0,0.01,0,0,0,0,0.2,0.45,0.2,0.14,0.01
0.0213893026047758,0.02159665580947089,0.021181949400080714,146.70666666666614,145.3733333333335,50,2140156,0.125,0.7,0.45,0.15,0,0.02,0,0,0,0,0.2,0.45,0.2,0.14,0.01
0.02140219796137391,0.021829526969515036,0.02097486895323278,149.55777777777783,145.12222222222226,50,1878829,0.125,0.65,0.45,0.18,0,0.01,0,0,0,0,0.2,0.45,0.2,0.14,0.01
0.02143833789239882,0.021645961483725475,0.021230714301072165,144.9466666666666,143.6133333333331,50,2924137,0.135,0.7,0.4,0.18,0,0.01,0,0,0,0,0.2,0.45,0.2,0.14,0.01
0.02146901064768829,0.022069036004039144,0.020868985291337436,152.7533333333335,145.86444444444453,50,1039415,0.115,0.65,0.45,0.18,0,0.03,0,0,0,0,0.2,0.45,0.2,0.14,0.01
0.021496414176030633,0.02171809349097635,0.021274734861084915,145.59777777777768,144.04222222222253,50,1498717,0.115,0.75,0.4,0.18,0,0.01,0,0,0,0,0.2,0.45,0.2,0.14,0.01
0.021536007588877658,0.022136335197897088,0.02093567997985823,153.6777777777774,146.78888888888923,50,2116399,0.125,0.7,0.45,0.1,0,0.03,0,0,0,0,0.2,0.45,0.2,0.14,0.01
0.021600260183798625,0.02182227991318508,0.02137824045441217,147.3511111111112,145.79555555555595,50,2377726,0.125,0.75,0.45,0.1,0,0,0,0,0,0,0.2,0.45,0.2,0.14,0.01
0.02165083358820075,0.021857048367988102,0.021444618808413397,147.3133333333333,145.97999999999936,50,778088,0.105,0.75,0.5,0.1,0,0.02,0,0,0,0,0.2,0.45,0.2,0.14,0.01
0.021673441712246,0.021880509083374786,0.021466374341117218,148.31111111111093,146.9777777777776,50,1950100,0.125,0.65,0.5,0.15,0,0.02,0,0,0,0,0.2,0.45,0.2,0.14,0.01
0.021716250542166464,0.021937811503984116,0.021494689580348815,146.77999999999975,145.2244444444444,50,1942181,0.125,0.65,0.5,0.15,0,0.01,0,0,0,0,0.2,0.45,0.2,0.14,0.01
0.021727485853426803,0.02194842501988129,0.021506546686972314,147.75777777777745,146.2022222222223,50,770169,0.105,0.75,0.5,0.1,0,0.01,0,0,0,0,0.2,0.45,0.2,0.14,0.01
0.021743120601277213,0.021965231284825974,0.021521009917728453,147.27111111111148,145.7155555555555,50,2195589,0.125,0.7,0.5,0.1,0,0.01,0,0,0,0,0.2,0.45,0.2,0.14,0.01
0.02182000000991085,0.022304748850130812,0.021335251169690886,152.61111111111111,147.37111111111133,50,1086929,0.115,0.65,0.5,0.15,0,0.01,0,0,0,0,0.2,0.45,0.2,0.14,0.01
0.0218274490066265,0.022418983598224012,0.02123591441502899,153.63333333333352,146.90000000000015,50,1276985,0.115,0.7,0.45,0.15,0,0.01,0,0,0,0,0.2,0.45,0.2,0.14,0.01
0.021895886593971202,0.022272941404190734,0.021518831783751673,153.23333333333346,149.50444444444494,50,1530393,0.115,0.75,0.45,0.1,0,0.01,0,0,0,0,0.2,0.45,0.2,0.14,0.01
0.021918628463601278,0.022124436975191564,0.021712819952010996,149.84444444444478,148.51111111111155,50,1126524,0.115,0.65,0.5,0.18,0,0.02,0,0,0,0,0.2,0.45,0.2,0.14,0.01
0.021930887297461565,0.02215236458971252,0.02170941000521061,147.98222222222174,146.4266666666674,50,1308661,0.115,0.7,0.45,0.18,0,0.01,0,0,0,0,0.2,0.45,0.2,0.14,0.01
0.02198086339210749,0.022202703004484077,0.021759023779730904,149.68888888888847,148.133333333333,50,2124318,0.125,0.7,0.45,0.15,0,0,0,0,0,0,0.2,0.45,0.2,0.14,0.01
0.021982926511883875,0.022584572542522507,0.021381280481245244,155.51777777777795,148.62888888888887,50,2765757,0.135,0.65,0.5,0.1,0,0.01,0,0,0,0,0.2,0.45,0.2,0.14,0.01
0.022023714058666682,0.022623503738035882,0.021423924379297483,157.23555555555555,150.34666666666695,50,1926343,0.125,0.65,0.5,0.1,0,0.03,0,0,0,0,0.2,0.45,0.2,0.14,0.01
0.022050723060002178,0.022272857589819728,0.021828588530184625,150.20222222222188,148.64666666666673,50,2314374,0.125,0.75,0.4,0.15,0,0,0,0,0,0,0.2,0.45,0.2,0.14,0.01
0.022084440686076845,0.02228948808234022,0.02187939328981347,153.10888888888914,151.7755555555555,50,532599,0.105,0.7,0.5,0.15,0,0.03,0,0,0,0,0.2,0.45,0.2,0.14,0.01
0.02211176534475577,0.022334302787661617,0.021889227901849925,151.11777777777792,149.56222222222218,50,1934262,0.125,0.65,0.5,0.15,0,0,0,0,0,0,0.2,0.45,0.2,0.14,0.01
0.022154713518667962,0.022376707889023323,0.021932719148312598,150.83999999999975,149.2844444444445,50,2187670,0.125,0.7,0.5,0.1,0,0,0,0,0,0,0.2,0.45,0.2,0.14,0.01
0.022187110595978513,0.022394111595285884,0.02198010959667114,151.63777777777776,150.3044444444439,50,2742000,0.135,0.65,0.45,0.18,0,0.02,0,0,0,0,0.2,0.45,0.2,0.14,0.01
0.022201911343088066,0.02280114269412088,0.021602679992055254,158.06444444444463,151.17555555555555,50,500923,0.105,0.7,0.5,0.1,0,0.03,0,0,0,0,0.2,0.45,0.2,0.14,0.01
0.022248592896326122,0.022470357015214052,0.022026828777438195,151.17111111111112,149.61555555555555,50,2916218,0.135,0.7,0.4,0.18,0,0,0,0,0,0,0.2,0.45,0.2,0.14,0.01
0.022289800360922735,0.022892477654097566,0.021687123067747907,157.86888888888876,150.97999999999996,50,3145869,0.135,0.75,0.4,0.1,0,0.01,0,0,0,0,0.2,0.45,0.2,0.14,0.01
0.022321413537151592,0.022542581852434088,0.022100245221869097,150.85333333333367,149.2977777777775,50,1118605,0.115,0.65,0.5,0.18,0,0.01,0,0,0,0,0.2,0.45,0.2,0.14,0.01
0.02236310523532216,0.022568425504689706,0.022157784965954615,154.58666666666693,153.2533333333331,50,786007,0.105,0.75,0.5,0.1,0,0.03,0,0,0,0,0.2,0.45,0.2,0.14,0.01
0.022373678002419704,0.022972731283136243,0.021774624721703162,159.53555555555562,152.64666666666693,50,1862991,0.125,0.65,0.45,0.15,0,0.03,0,0,0,0,0.2,0.45,0.2,0.14,0.01
0.022389408799830066,0.02259549672512565,0.022183320874534482,153.12888888888867,151.79555555555513,50,2932056,0.135,0.7,0.4,0.18,0,0.02,0,0,0,0,0.2,0.45,0.2,0.14,0.01
0.022389856074359907,0.02299121017351937,0.021788501975200443,158.6044444444442,151.7155555555553,50,2702405,0.135,0.65,0.45,0.15,0,0.01,0,0,0,0,0.2,0.45,0.2,0.14,0.01
0.022394851234401734,0.022600622243160864,0.022189080225642602,152.35999999999999,151.02666666666676,50,1316580,0.115,0.7,0.45,0.18,0,0.02,0,0,0,0,0.2,0.45,0.2,0.14,0.01
0.022479935028825847,0.022701193433125613,0.02225867662452608,152.79999999999978,151.24444444444453,50,516761,0.105,0.7,0.5,0.15,0,0.01,0,0,0,0,0.2,0.45,0.2,0.14,0.01
0.022513511880616746,0.02273650738460237,0.022290516376631122,153.26666666666702,151.71111111111108,50,2726162,0.135,0.65,0.45,0.18,0,0,0,0,0,0,0.2,0.45,0.2,0.14,0.01
0.022531477516620588,0.023133558982310773,0.0219293960509304,159.6133333333333,152.7244444444446,50,1467041,0.115,0.75,0.4,0.15,0,0.01,0,0,0,0,0.2,0.45,0.2,0.14,0.01
0.022552708370692738,0.02315148627943295,0.021953930461952525,160.75777777777773,153.86888888888896,50,2654891,0.135,0.65,0.4,0.18,0,0.03,0,0,0,0,0.2,0.45,0.2,0.14,0.01
0.02255454756249508,0.022759806881040956,0.022349288243949203,155.83777777777757,154.50444444444435,50,722655,0.105,0.75,0.45,0.15,0,0.03,0,0,0,0,0.2,0.45,0.2,0.14,0.01
0.022559238962497792,0.02315897698028996,0.02195950094470562,160.95999999999984,154.07111111111146,50,2053047,0.125,0.7,0.4,0.15,0,0.03,0,0,0,0,0.2,0.45,0.2,0.14,0.01
0.022619035897032957,0.023218310080345847,0.022019761713720068,160.79333333333346,153.90444444444478,50,247515,0.105,0.65,0.5,0.15,0,0.03,0,0,0,0,0.2,0.45,0.2,0.14,0.01
0.0226370191719038,0.022843704008345813,0.02243033433546179,154.72000000000014,153.3866666666669,50,2203508,0.125,0.7,0.5,0.1,0,0.02,0,0,0,0,0.2,0.45,0.2,0.14,0.01
0.022643006306450192,0.023108346252996837,0.02217766635990355,159.19111111111073,154.21333333333314,50,263353,0.105,0.65,0.5,0.18,0,0.01,0,0,0,0,0.2,0.45,0.2,0.14,0.01
0.022666456863690503,0.02287279569611926,0.022460118031261744,154.24888888888876,152.91555555555564,50,1506636,0.115,0.75,0.4,0.18,0,0.02,0,0,0,0,0.2,0.45,0.2,0.14,0.01
0.022710951494841855,0.02293316468391981,0.022488738305763898,154.76222222222228,153.20666666666682,50,1110686,0.115,0.65,0.5,0.18,0,0,0,0,0,0,0.2,0.45,0.2,0.14,0.01
0.022730552486509438,0.02295217823298401,0.022508926740034865,154.5755555555557,153.02000000000024,50,1300742,0.115,0.7,0.45,0.18,0,0,0,0,0,0,0.2,0.45,0.2,0.14,0.01
0.02295764822020892,0.023555978787182724,0.02235931765323512,163.26222222222208,156.3733333333332,50,2306455,0.125,0.75,0.4,0.1,0,0.03,0,0,0,0,0.2,0.45,0.2,0.14,0.01
0.02306686772645479,0.02343029825302779,0.022703437199881788,161.48666666666648,157.9399999999998,50,453409,0.105,0.7,0.45,0.18,0,0.01,0,0,0,0,0.2,0.45,0.2,0.14,0.01
0.02308503622001657,0.023683967078603645,0.0224861053614295,164.68222222222195,157.79333333333327,50,627627,0.105,0.75,0.4,0.15,0,0.03,0,0,0,0,0.2,0.45,0.2,0.14,0.01
0.023100128722956102,0.02369859102859885,0.02250166641731335,164.3733333333333,157.48444444444442,50,437571,0.105,0.7,0.45,0.15,0,0.03,0,0,0,0,0.2,0.45,0.2,0.14,0.01
0.023145041692827967,0.023688332225361933,0.022601751160294,163.61333333333337,157.5511111111113,50,643465,0.105,0.75,0.4,0.18,0,0.01,0,0,0,0,0.2,0.45,0.2,0.14,0.01
0.023152596994902595,0.023374768922816272,0.02293042506698892,157.05777777777752,155.50222222222226,50,1490798,0.115,0.75,0.4,0.18,0,0,0,0,0,0,0.2,0.45,0.2,0.14,0.01
0.023160150708903454,0.02336581390713246,0.022954487510674446,160.2155555555555,158.88222222222217,50,2338131,0.125,0.75,0.4,0.15,0,0.03,0,0,0,0,0.2,0.45,0.2,0.14,0.01
0.02317138760494899,0.023378661192153594,0.022964114017744383,154.29777777777792,152.96444444444418,50,2789514,0.135,0.65,0.5,0.15,0,0,0,0,0,0,0.2,0.45,0.2,0.14,0.01
0.02320736063778009,0.023413065960549043,0.023001655315011135,161.05777777777791,159.7244444444441,50,1958019,0.125,0.65,0.5,0.15,0,0.03,0,0,0,0,0.2,0.45,0.2,0.14,0.01
0.023362944910183887,0.023888824749434837,0.022837065070932937,165.30444444444453,159.49555555555585,50,2060966,0.125,0.7,0.4,0.18,0,0,0,0,0,0,0.2,0.45,0.2,0.14,0.01
0.02349045054360621,0.023697877211906835,0.023283023875305592,156.61777777777812,155.28444444444438,50,3042922,0.135,0.7,0.5,0.1,0,0,0,0,0,0,0.2,0.45,0.2,0.14,0.01
0.02351160036082868,0.02371861498424446,0.023304585737412904,156.4111111111109,155.07777777777724,50,2979570,0.135,0.7,0.45,0.15,0,0,0,0,0,0,0.2,0.45,0.2,0.14,0.01
0.02359845387014837,0.0238051002365071,0.023391807503789636,164.1799999999999,162.84666666666635,50,2401483,0.125,0.75,0.45,0.1,0,0.03,0,0,0,0,0.2,0.45,0.2,0.14,0.01
0.023603999776354925,0.023810233729530183,0.02339776582317967,163.79999999999998,162.46666666666675,50,2211427,0.125,0.7,0.5,0.1,0,0.03,0,0,0,0,0.2,0.45,0.2,0.14,0.01
0.023714040235763525,0.024313086001991297,0.023114994469535757,169.14666666666653,162.25777777777773,50,690979,0.105,0.75,0.45,0.1,0,0.03,0,0,0,0,0.2,0.45,0.2,0.14,0.01
0.023735741674411524,0.023957245853699013,0.023514237495124032,158.38222222222169,156.82666666666663,50,3169626,0.135,0.75,0.4,0.15,0,0,0,0,0,0,0.2,0.45,0.2,0.14,0.01
0.023778820196646237,0.02398624039405277,0.023571399999239705,158.3133333333331,156.98000000000036,50,3232978,0.135,0.75,0.45,0.1,0,0,0,0,0,0,0.2,0.45,0.2,0.14,0.01
0.023833636455464692,0.024040158184041094,0.023627114726888294,165.81111111111073,164.4777777777779,50,2749919,0.135,0.65,0.45,0.18,0,0.03,0,0,0,0,0.2,0.45,0.2,0.14,0.01
0.023835469995181394,0.024434133050527093,0.023236806939835694,170.54222222222245,163.65333333333305,50,2646972,0.135,0.65,0.4,0.18,0,0.02,0,0,0,0,0.2,0.45,0.2,0.14,0.01
0.02394446369102405,0.024150032369758018,0.023738895012290085,165.51111111111135,164.17777777777772,50,1514555,0.115,0.75,0.4,0.18,0,0.03,0,0,0,0,0.2,0.45,0.2,0.14,0.01
0.02399235536538432,0.02459116999070493,0.02339354074006371,171.29555555555555,164.40666666666675,50,1918424,0.125,0.65,0.5,0.1,0,0.02,0,0,0,0,0.2,0.45,0.2,0.14,0.01
0.024078230360541353,0.024676521190294894,0.023479939530787815,171.89333333333343,165.00444444444463,50,1855072,0.125,0.65,0.45,0.15,0,0.02,0,0,0,0,0.2,0.45,0.2,0.14,0.01
0.024087179000175856,0.024685680332837447,0.023488677667514266,172.00222222222217,165.11333333333337,50,2108480,0.125,0.7,0.45,0.1,0,0.02,0,0,0,0,0.2,0.45,0.2,0.14,0.01
0.024119051954096502,0.024717769524472386,0.023520334383720618,172.44444444444466,165.55555555555554,50,2045128,0.125,0.7,0.4,0.15,0,0.02,0,0,0,0,0.2,0.45,0.2,0.14,0.01
0.024134482533485303,0.02433964991495089,0.023929315152019712,167.24666666666658,165.91333333333355,50,1134443,0.115,0.65,0.5,0.18,0,0.03,0,0,0,0,0.2,0.45,0.2,0.14,0.01
0.024231641072861222,0.02443783925207156,0.024025442893650883,167.0155555555557,165.68222222222235,50,2148075,0.125,0.7,0.45,0.15,0,0.03,0,0,0,0,0.2,0.45,0.2,0.14,0.01
0.024279381190679086,0.024500773299784742,0.02405798908157343,161.468888888889,159.91333333333336,50,1617502,0.115,0.75,0.5,0.1,0,0,0,0,0,0,0.2,0.45,0.2,0.14,0.01
0.024346647754525337,0.024949684138169868,0.023743611370880807,174.24888888888887,167.35999999999956,50,1870910,0.125,0.65,0.45,0.18,0,0,0,0,0,0,0.2,0.45,0.2,0.14,0.01
0.024362813689200992,0.02458349616718835,0.02414213121121363,162.37111111111082,160.81555555555548,50,1364094,0.115,0.7,0.5,0.15,0,0,0,0,0,0,0.2,0.45,0.2,0.14,0.01
0.024410656026745366,0.02463250817102095,0.024188803882469787,162.75555555555528,161.20000000000013,50,1554150,0.115,0.75,0.45,0.15,0,0,0,0,0,0,0.2,0.45,0.2,0.14,0.01
0.024414740316175444,0.02462064202643661,0.024208838605914277,163.94666666666652,162.6133333333338,50,1562069,0.115,0.75,0.45,0.15,0,0.01,0,0,0,0,0.2,0.45,0.2,0.14,0.01
0.02442441904938021,0.02502307461061186,0.023825763488148563,174.19111111111113,167.30222222222204,50,1031496,0.115,0.65,0.45,0.18,0,0.02,0,0,0,0,0.2,0.45,0.2,0.14,0.01
0.024466519568728085,0.024688568899532873,0.024244470237923296,169.08888888888862,167.53333333333325,50,508842,0.105,0.7,0.5,0.15,0,0,0,0,0,0,0.2,0.45,0.2,0.14,0.01
0.024476555386952183,0.025075783766912968,0.023877327006991397,174.37111111111153,167.48222222222205,50,1221552,0.115,0.7,0.4,0.18,0,0.02,0,0,0,0,0.2,0.45,0.2,0.14,0.01
0.024600098340915273,0.02482237013741896,0.024377826544411584,169.8733333333335,168.31777777777813,50,762250,0.105,0.75,0.5,0.1,0,0,0,0,0,0,0.2,0.45,0.2,0.14,0.01
0.024630136597235897,0.024836872255153814,0.02442340093931798,171.37111111111082,170.0377777777781,50,2939975,0.135,0.7,0.4,0.18,0,0.03,0,0,0,0,0.2,0.45,0.2,0.14,0.01
0.02464800547235592,0.024870213112892645,0.024425797831819196,170.2377777777778,168.68222222222235,50,698898,0.105,0.75,0.45,0.15,0,0,0,0,0,0,0.2,0.45,0.2,0.14,0.01
0.02475028454116181,0.02495748080141364,0.02454308828090998,164.6266666666662,163.29333333333346,50,2346050,0.125,0.75,0.4,0.18,0,0,0,0,0,0,0.2,0.45,0.2,0.14,0.01
0.024870479416039565,0.025077356002350105,0.02466360282972902,168.26444444444425,166.93111111111122,50,3240897,0.135,0.75,0.45,0.1,0,0.01,0,0,0,0,0.2,0.45,0.2,0.14,0.01
0.024885850335951754,0.02509096962466302,0.024680731047240483,172.83777777777746,171.50444444444435,50,1324499,0.115,0.7,0.45,0.18,0,0.03,0,0,0,0,0.2,0.45,0.2,0.14,0.01
0.024934383932126943,0.02553621985117084,0.02433254801308304,178.40444444444498,171.5155555555557,50,3137950,0.135,0.75,0.4,0.1,0,0,0,0,0,0,0.2,0.45,0.2,0.14,0.01
0.024950970832849327,0.02554869217313111,0.024353249492567543,178.21333333333314,171.32444444444457,50,2298536,0.125,0.75,0.4,0.1,0,0.02,0,0,0,0,0.2,0.45,0.2,0.14,0.01
0.025048348411594805,0.02525497174213073,0.02484172508105888,166.7022222222225,165.36888888888856,50,2155994,0.125,0.7,0.45,0.18,0,0,0,0,0,0,0.2,0.45,0.2,0.14,0.01
0.025180948826956037,0.02538645027878173,0.02497544737513034,168.42666666666707,167.09333333333336,50,1625421,0.115,0.75,0.5,0.1,0,0.01,0,0,0,0,0.2,0.45,0.2,0.14,0.01
0.025219068408536646,0.02542476807247235,0.02501336874460094,168.92666666666608,167.59333333333313,50,548437,0.105,0.7,0.5,0.18,0,0.01,0,0,0,0,0.2,0.45,0.2,0.14,0.01
0.02525965233742542,0.02546685612809132,0.02505244854675952,171.02444444444458,169.69111111111124,50,3177545,0.135,0.75,0.4,0.15,0,0.01,0,0,0,0,0.2,0.45,0.2,0.14,0.01
0.025280675576449713,0.025486383191696365,0.02507496796120306,168.3422222222224,167.0088888888887,50,738493,0.105,0.75,0.45,0.18,0,0.01,0,0,0,0,0.2,0.45,0.2,0.14,0.01
0.025326424346267324,0.025533104165091483,0.025119744527443165,171.05111111111142,169.7177777777773,50,3050841,0.135,0.7,0.5,0.1,0,0.01,0,0,0,0,0.2,0.45,0.2,0.14,0.01
0.02535911790275437,0.025565057945878926,0.025153177859629814,168.1711111111112,166.83777777777777,50,1965938,0.125,0.65,0.5,0.18,0,0,0,0,0,0,0.2,0.45,0.2,0.14,0.01
0.025556507429615752,0.025777640077192257,0.025335374782039243,170.21333333333345,168.657777777778,50,730574,0.105,0.75,0.45,0.18,0,0,0,0,0,0,0.2,0.45,0.2,0.14,0.01
0.025556684398828244,0.026158785874224648,0.024954582923431844,183.3511111111111,176.46222222222252,50,2947894,0.135,0.7,0.45,0.1,0,0,0,0,0,0,0.2,0.45,0.2,0.14,0.01
0.025710065549590964,0.025931344485182195,0.025488786613999732,171.42222222222213,169.8666666666668,50,540518,0.105,0.7,0.5,0.18,0,0,0,0,0,0,0.2,0.45,0.2,0.14,0.01
0.025766366454232803,0.025972938294170248,0.025559794614295358,174.61777777777803,173.28444444444418,50,2987489,0.135,0.7,0.45,0.15,0,0.01,0,0,0,0,0.2,0.45,0.2,0.14,0.01
0.025793904002261746,0.02599980518617052,0.025588002818352974,172.88,171.54666666666677,50,1372013,0.115,0.7,0.5,0.15,0,0.01,0,0,0,0,0.2,0.45,0.2,0.14,0.01
0.025996897770090337,0.026597135011713426,0.025396660528467244,186.5600000000002,179.671111111111,50,2757838,0.135,0.65,0.5,0.1,0,0,0,0,0,0,0.2,0.45,0.2,0.14,0.01
0.026077002831107313,0.02667909058178269,0.025474915080431936,187.8000000000003,180.9111111111113,50,2884542,0.135,0.7,0.4,0.15,0,0,0,0,0,0,0.2,0.45,0.2,0.14,0.01
0.02616510125390597,0.026763217060422995,0.025566985447388942,187.77333333333303,180.88444444444465,50,683060,0.105,0.75,0.45,0.1,0,0.02,0,0,0,0,0.2,0.45,0.2,0.14,0.01
0.02625494883564871,0.026855321645390593,0.02565457602590683,188.7022222222224,181.8133333333332,50,2694486,0.135,0.65,0.45,0.15,0,0,0,0,0,0,0.2,0.45,0.2,0.14,0.01
0.026326591956363374,0.026532604889302622,0.02612057902342413,177.89777777777797,176.56444444444404,50,2163913,0.125,0.7,0.45,0.18,0,0.01,0,0,0,0,0.2,0.45,0.2,0.14,0.01
0.02647521268951219,0.027072885633770718,0.02587753974525366,189.94222222222228,183.0533333333329,50,619708,0.105,0.75,0.4,0.15,0,0.02,0,0,0,0,0.2,0.45,0.2,0.14,0.01
0.026496664247424875,0.026702167261702898,0.02629116123314685,179.11555555555574,177.78222222222232,50,2797433,0.135,0.65,0.5,0.15,0,0.01,0,0,0,0,0.2,0.45,0.2,0.14,0.01
0.026616564732833116,0.027214480977683184,0.026018648487983048,190.9177777777777,184.02888888888913,50,429652,0.105,0.7,0.45,0.15,0,0.02,0,0,0,0,0.2,0.45,0.2,0.14,0.01
0.026756634076806722,0.027358344831036656,0.026154923322576788,192.2911111111112,185.402222222222,50,1079010,0.115,0.65,0.5,0.15,0,0,0,0,0,0,0.2,0.45,0.2,0.14,0.01
0.026810854250561376,0.02701659447308091,0.026605114028041842,176.68444444444424,175.3511111111111,50,793926,0.105,0.75,0.5,0.15,0,0,0,0,0,0,0.2,0.45,0.2,0.14,0.01
0.026975934689802798,0.02757541249069227,0.026376456888913328,194.2977777777771,187.40888888888853,50,1023577,0.115,0.65,0.45,0.18,0,0.01,0,0,0,0,0.2,0.45,0.2,0.14,0.01
0.027023741960524934,0.027621233519755723,0.026426250401294146,193.98222222222273,187.09333333333313,50,493004,0.105,0.7,0.5,0.1,0,0.02,0,0,0,0,0.2,0.45,0.2,0.14,0.01
0.02703618012165333,0.027634738028732293,0.026437622214574366,195.37777777777774,188.48888888888945,50,2639053,0.135,0.65,0.4,0.18,0,0.01,0,0,0,0,0.2,0.45,0.2,0.14,0.01
0.027248972240084667,0.02745433634812052,0.027043608132048813,186.1955555555552,184.86222222222256,50,1633340,0.115,0.75,0.5,0.1,0,0.02,0,0,0,0,0.2,0.45,0.2,0.14,0.01
0.027349614505793825,0.027947301826148248,0.026751927185439405,196.46666666666675,189.57777777777767,50,239596,0.105,0.65,0.5,0.15,0,0.02,0,0,0,0,0.2,0.45,0.2,0.14,0.01
0.027492096114121595,0.02809262687947831,0.026891565348764884,197.94222222222277,191.05333333333297,50,1522474,0.115,0.75,0.45,0.1,0,0,0,0,0,0,0.2,0.45,0.2,0.14,0.01
0.027584495818710822,0.028185929193307466,0.026983062444114178,198.47333333333316,191.58444444444427,50,1459122,0.115,0.75,0.4,0.15,0,0,0,0,0,0,0.2,0.45,0.2,0.14,0.01
0.027660215350874137,0.028256176164460897,0.02706425453728738,195.57111111111104,188.68222222222207,50,1799639,0.125,0.65,0.4,0.18,0,0.03,0,0,0,0,0.2,0.45,0.2,0.14,0.01
0.027782570804178074,0.02798837060278791,0.02757677100556824,188.44444444444423,187.111111111111,50,1973857,0.125,0.65,0.5,0.18,0,0.01,0,0,0,0,0.2,0.45,0.2,0.14,0.01
0.027832188884505026,0.028434076805136724,0.02723030096387333,200.82222222222248,193.9333333333334,50,1269066,0.115,0.7,0.45,0.15,0,0,0,0,0,0,0.2,0.45,0.2,0.14,0.01
0.027904726762365648,0.0281108611398712,0.027698592384860096,188.8866666666671,187.5533333333334,50,2353969,0.125,0.75,0.4,0.18,0,0.01,0,0,0,0,0.2,0.45,0.2,0.14,0.01
0.02791435426087157,0.028516077935755297,0.027312630585987843,201.43111111111102,194.54222222222222,50,635546,0.105,0.75,0.4,0.18,0,0,0,0,0,0,0.2,0.45,0.2,0.14,0.01
0.027982082685956977,0.02857792135611846,0.02738624401579549,198.90666666666635,192.01777777777787,50,184163,0.105,0.65,0.45,0.18,0,0.03,0,0,0,0,0.2,0.45,0.2,0.14,0.01
0.02817522805509004,0.028777141091738043,0.027573315018442037,202.8733333333333,195.98444444444482,50,445490,0.105,0.7,0.45,0.18,0,0,0,0,0,0,0.2,0.45,0.2,0.14,0.01
0.028180453788639623,0.028781147849451145,0.027579759727828102,202.7977777777776,195.90888888888892,50,1332418,0.115,0.7,0.5,0.1,0,0,0,0,0,0,0.2,0.45,0.2,0.14,0.01
0.02830664429338263,0.028512397207453497,0.02810089137931176,194.95333333333343,193.6199999999997,50,3185464,0.135,0.75,0.4,0.15,0,0.02,0,0,0,0,0.2,0.45,0.2,0.14,0.01
0.02838570848566016,0.028590462328492865,0.028180954642827456,193.48222222222245,192.1488888888887,50,556356,0.105,0.7,0.5,0.18,0,0.02,0,0,0,0,0.2,0.45,0.2,0.14,0.01
0.028441013101556598,0.02864680581580019,0.028235220387313006,195.08222222222219,193.74888888888867,50,1379932,0.115,0.7,0.5,0.15,0,0.02,0,0,0,0,0.2,0.45,0.2,0.14,0.01
0.028571135703203868,0.028776462946098164,0.028365808460309568,196.94666666666672,195.61333333333297,50,3058760,0.135,0.7,0.5,0.1,0,0.02,0,0,0,0,0.2,0.45,0.2,0.14,0.01
0.02884421599914091,0.029439463453321275,0.028248968544960545,203.92222222222233,197.03333333333356,50,374219,0.105,0.7,0.4,0.18,0,0.03,0,0,0,0,0.2,0.45,0.2,0.14,0.01
0.02890905071205617,0.02911532658382738,0.028702774840284963,199.10222222222234,197.768888888889,50,3248816,0.135,0.75,0.45,0.1,0,0.02,0,0,0,0,0.2,0.45,0.2,0.14,0.01
0.028945489281847613,0.02954643729880343,0.02834454126489179,209.13333333333352,202.24444444444453,50,255434,0.105,0.65,0.5,0.18,0,0,0,0,0,0,0.2,0.45,0.2,0.14,0.01
0.029052298621869817,0.029650560921795174,0.028454036321944463,210.76444444444465,203.87555555555556,50,1910505,0.125,0.65,0.5,0.1,0,0.01,0,0,0,0,0.2,0.45,0.2,0.14,0.01
0.029088039475494203,0.029685347507327542,0.028490731443660863,210.62444444444463,203.73555555555515,50,1847153,0.125,0.65,0.45,0.15,0,0.01,0,0,0,0,0.2,0.45,0.2,0.14,0.01
0.02916901231439984,0.02937432854749062,0.02896369608130906,200.3133333333331,198.97999999999976,50,2805352,0.135,0.65,0.5,0.15,0,0.02,0,0,0,0,0.2,0.45,0.2,0.14,0.01
0.02918274232632343,0.029781889455010306,0.02858359519763656,211.3955555555557,204.5066666666666,50,1213633,0.115,0.7,0.4,0.18,0,0.01,0,0,0,0,0.2,0.45,0.2,0.14,0.01
0.029259552225179182,0.029857352578973,0.02866175187138536,212.05111111111123,205.16222222222203,50,2037209,0.125,0.7,0.4,0.15,0,0.01,0,0,0,0,0.2,0.45,0.2,0.14,0.01
0.029295339048979678,0.02949997081448042,0.02909070728347893,199.75555555555536,198.42222222222244,50,746412,0.105,0.75,0.45,0.18,0,0.02,0,0,0,0,0.2,0.45,0.2,0.14,0.01
0.0293287200258876,0.029534800600641436,0.029122639451133765,201.55555555555526,200.22222222222223,50,2995408,0.135,0.7,0.45,0.15,0,0.02,0,0,0,0,0.2,0.45,0.2,0.14,0.01
0.02940832523334113,0.030005966338427694,0.028810684128254566,213.22000000000006,206.33111111111054,50,2100561,0.125,0.7,0.45,0.1,0,0.01,0,0,0,0,0.2,0.45,0.2,0.14,0.01
0.029468975281527,0.030066230177503858,0.028871720385550144,213.32666666666682,206.43777777777794,50,2290617,0.125,0.75,0.4,0.1,0,0.01,0,0,0,0,0.2,0.45,0.2,0.14,0.01
0.029650879707149067,0.02985583071102582,0.029445928703272308,203.10222222222242,201.7688888888888,50,1569988,0.115,0.75,0.45,0.15,0,0.02,0,0,0,0,0.2,0.45,0.2,0.14,0.01
0.030002160779684452,0.030596644945587448,0.029407676613781457,210.4911111111109,203.60222222222203,50,1007739,0.115,0.65,0.45,0.15,0,0.03,0,0,0,0,0.2,0.45,0.2,0.14,0.01
0.03041740800044211,0.03101175931587314,0.02982305668501108,214.5511111111113,207.66222222222254,50,1451203,0.115,0.75,0.4,0.1,0,0.03,0,0,0,0,0.2,0.45,0.2,0.14,0.01
0.030583918987728186,0.03117841861351271,0.02998941936194366,215.3288888888888,208.4400000000002,50,1261147,0.115,0.7,0.45,0.1,0,0.03,0,0,0,0,0.2,0.45,0.2,0.14,0.01
0.03077555262043418,0.031369461938478053,0.03018164330239031,215.77555555555531,208.8866666666665,50,1071091,0.115,0.65,0.5,0.1,0,0.03,0,0,0,0,0.2,0.45,0.2,0.14,0.01
0.030896524335208106,0.031101059884616724,0.030691988785799484,212.4622222222222,211.12888888888858,50,1981776,0.125,0.65,0.5,0.18,0,0.02,0,0,0,0,0.2,0.45,0.2,0.14,0.01
0.030950296109657993,0.03154420506185343,0.030356387157462552,216.9777777777781,210.08888888888922,50,1197795,0.115,0.7,0.4,0.15,0,0.03,0,0,0,0,0.2,0.45,0.2,0.14,0.01
0.030967649645775128,0.031172670655315413,0.03076262863623484,215.86222222222224,214.52888888888882,50,3003327,0.135,0.7,0.45,0.15,0,0.03,0,0,0,0,0.2,0.45,0.2,0.14,0.01
0.03108140531224695,0.03128632474282986,0.030876485881664043,208.95111111111095,207.61777777777752,50,2472754,0.125,0.75,0.5,0.1,0,0,0,0,0,0,0.2,0.45,0.2,0.14,0.01
0.031167893719486743,0.031373279677168395,0.03096250776180509,214.7844444444445,213.45111111111115,50,2361888,0.125,0.75,0.4,0.18,0,0.02,0,0,0,0,0.2,0.45,0.2,0.14,0.01
0.031287395042958646,0.03149415048315082,0.031080639602766462,210.3511111111112,209.01777777777795,50,2219346,0.125,0.7,0.5,0.15,0,0,0,0,0,0,0.2,0.45,0.2,0.14,0.01
0.031344335031861195,0.03154852218226838,0.031140147881454004,217.83777777777797,216.50444444444415,50,754331,0.105,0.75,0.45,0.18,0,0.03,0,0,0,0,0.2,0.45,0.2,0.14,0.01
0.031372191083200635,0.03157756597870698,0.03116681618769429,215.45111111111106,214.11777777777772,50,2171832,0.125,0.7,0.45,0.18,0,0.02,0,0,0,0,0.2,0.45,0.2,0.14,0.01
0.031468872048249275,0.031674070474732655,0.0312636736217659,211.2911111111107,209.95777777777786,50,2409402,0.125,0.75,0.45,0.15,0,0,0,0,0,0,0.2,0.45,0.2,0.14,0.01
0.0315381844517921,0.03174206092443922,0.03133430797914498,219.23333333333338,217.89999999999975,50,1641259,0.115,0.75,0.5,0.1,0,0.03,0,0,0,0,0.2,0.45,0.2,0.14,0.01
0.03156769252351094,0.03177265033268173,0.031362734714340146,212.74888888888907,211.41555555555553,50,801845,0.105,0.75,0.5,0.15,0,0.01,0,0,0,0,0.2,0.45,0.2,0.14,0.01
0.03163950163179086,0.03184347752286866,0.031435525740713066,220.03111111111036,218.69777777777796,50,1387851,0.115,0.7,0.5,0.15,0,0.03,0,0,0,0,0.2,0.45,0.2,0.14,0.01
0.03166306582334144,0.032256971193202574,0.03106916045348031,223.04222222222234,216.15333333333353,50,2686567,0.135,0.65,0.45,0.1,0,0.03,0,0,0,0,0.2,0.45,0.2,0.14,0.01
0.031703438907519685,0.03190846620890628,0.031498411606133085,221.3066666666667,219.97333333333356,50,3256735,0.135,0.75,0.45,0.1,0,0.03,0,0,0,0,0.2,0.45,0.2,0.14,0.01
0.031736970439964304,0.03194256408160389,0.03153137679832471,212.2244444444444,210.89111111111075,50,1395770,0.115,0.7,0.5,0.18,0,0,0,0,0,0,0.2,0.45,0.2,0.14,0.01
0.03174500291912556,0.0319498550711163,0.03154015076713482,211.8577777777778,210.52444444444478,50,1585826,0.115,0.75,0.45,0.18,0,0,0,0,0,0,0.2,0.45,0.2,0.14,0.01
0.03174893537022018,0.03195303614165365,0.031544834598786715,221.39333333333363,220.06,50,1577907,0.115,0.75,0.45,0.15,0,0.03,0,0,0,0,0.2,0.45,0.2,0.14,0.01
0.03180065750728331,0.03200514611503991,0.03159616889952671,221.6333333333332,220.30000000000007,50,2813271,0.135,0.65,0.5,0.15,0,0.03,0,0,0,0,0.2,0.45,0.2,0.14,0.01
0.03184849945520764,0.03244242304625126,0.03125457586416401,223.97999999999996,217.091111111111,50,2623215,0.135,0.65,0.4,0.15,0,0.03,0,0,0,0,0.2,0.45,0.2,0.14,0.01
0.03206195320758366,0.03226565936602097,0.03185824704914635,223.28888888888864,221.9555555555554,50,3066679,0.135,0.7,0.5,0.1,0,0.03,0,0,0,0,0.2,0.45,0.2,0.14,0.01
0.03224988573272262,0.032847101632498425,0.03165266983294681,234.9866666666668,228.09777777777788,50,485085,0.105,0.7,0.5,0.1,0,0.01,0,0,0,0,0.2,0.45,0.2,0.14,0.01
0.03228871554367164,0.032886115249336836,0.03169131583800644,236.13555555555578,229.2466666666667,50,2631134,0.135,0.65,0.4,0.18,0,0,0,0,0,0,0.2,0.45,0.2,0.14,0.01
0.03236929672041998,0.03296688228190658,0.031771711158933374,236.29333333333327,229.40444444444427,50,231677,0.105,0.65,0.5,0.15,0,0.01,0,0,0,0,0.2,0.45,0.2,0.14,0.01
0.03237355347818517,0.032578666064324246,0.0321684408920461,225.08666666666693,223.7533333333335,50,3193383,0.135,0.75,0.4,0.15,0,0.03,0,0,0,0,0.2,0.45,0.2,0.14,0.01
0.03251262027098464,0.032717893192039244,0.032307347349930036,219.6711111111114,218.33777777777797,50,2821190,0.135,0.65,0.5,0.18,0,0,0,0,0,0,0.2,0.45,0.2,0.14,0.01
0.03251512635219454,0.03311180986591497,0.03191844283847412,236.46888888888873,229.58000000000013,50,421733,0.105,0.7,0.45,0.15,0,0.01,0,0,0,0,0.2,0.45,0.2,0.14,0.01
0.03251539183995612,0.032718595826906734,0.032312187853005506,225.54666666666668,224.21333333333294,50,564275,0.105,0.7,0.5,0.18,0,0.03,0,0,0,0,0.2,0.45,0.2,0.14,0.01
0.032603930561777274,0.033201689282507024,0.03200617184104752,237.99777777777743,231.10888888888874,50,611789,0.105,0.75,0.4,0.15,0,0.01,0,0,0,0,0.2,0.45,0.2,0.14,0.01
0.03308386511058656,0.03329044308057569,0.032877287140597435,223.61555555555574,222.28222222222252,50,3201302,0.135,0.75,0.4,0.18,0,0,0,0,0,0,0.2,0.45,0.2,0.14,0.01
0.033398886503219524,0.033603230180773415,0.03319454282566564,233.09111111111147,231.75777777777785,50,1989695,0.125,0.65,0.5,0.18,0,0.03,0,0,0,0,0.2,0.45,0.2,0.14,0.01
0.03344304001072731,0.034035999828114075,0.03285008019334054,233.87555555555537,226.98666666666657,50,2876623,0.135,0.7,0.4,0.1,0,0.03,0,0,0,0,0.2,0.45,0.2,0.14,0.01
0.033531717697420214,0.033736363606209775,0.033327071788630654,233.44888888888897,232.11555555555566,50,2179751,0.125,0.7,0.45,0.18,0,0.03,0,0,0,0,0.2,0.45,0.2,0.14,0.01
0.03366894554219399,0.03426340453984203,0.03307448654454595,242.50222222222177,235.61333333333337,50,176244,0.105,0.65,0.45,0.18,0,0.02,0,0,0,0,0.2,0.45,0.2,0.14,0.01
0.03375124447735073,0.03395530767124293,0.033547181283458516,235.73555555555575,234.402222222222,50,2369807,0.125,0.75,0.4,0.18,0,0.03,0,0,0,0,0.2,0.45,0.2,0.14,0.01
0.03378075169877981,0.03437691032338845,0.03318459307417117,245.7977777777775,238.90888888888873,50,675141,0.105,0.75,0.45,0.1,0,0.01,0,0,0,0,0.2,0.45,0.2,0.14,0.01
0.03411976339056446,0.03471418943143148,0.03352533734969744,244.3444444444443,237.4555555555556,50,1791720,0.125,0.65,0.4,0.18,0,0.02,0,0,0,0,0.2,0.45,0.2,0.14,0.01
0.034250359819129536,0.03484795570080754,0.03365276393745154,250.84666666666635,243.95777777777786,50,1205714,0.115,0.7,0.4,0.18,0,0,0,0,0,0,0.2,0.45,0.2,0.14,0.01
0.03449467383147942,0.03469857650018734,0.034290771162771495,236.37777777777825,235.0444444444446,50,809764,0.105,0.75,0.5,0.15,0,0.02,0,0,0,0,0.2,0.45,0.2,0.14,0.01
0.034515632889763156,0.034720898280289715,0.034310367499236605,235.54888888888874,234.21555555555562,50,2480673,0.125,0.75,0.5,0.1,0,0.01,0,0,0,0,0.2,0.45,0.2,0.14,0.01
0.03454369846793123,0.03474928519063214,0.03433811174523032,233.24444444444504,231.91111111111098,50,3011246,0.135,0.7,0.45,0.18,0,0,0,0,0,0,0.2,0.45,0.2,0.14,0.01
0.034657122727775005,0.03525492475602817,0.03405932069952183,254.20666666666673,247.31777777777722,50,1015658,0.115,0.65,0.45,0.18,0,0,0,0,0,0,0.2,0.45,0.2,0.14,0.01
0.03476763311989271,0.03536426282865819,0.034171003411127235,254.9555555555558,248.0666666666665,50,1902586,0.125,0.65,0.5,0.1,0,0,0,0,0,0,0.2,0.45,0.2,0.14,0.01
0.03477103657408477,0.03536530322311002,0.03417676992505953,250.41333333333347,243.52444444444487,50,366300,0.105,0.7,0.4,0.18,0,0.02,0,0,0,0,0.2,0.45,0.2,0.14,0.01
0.034864378624609664,0.03546137244570772,0.03426738480351161,255.51555555555538,248.6266666666665,50,2282698,0.125,0.75,0.4,0.1,0,0,0,0,0,0,0.2,0.45,0.2,0.14,0.01
0.03489587042428703,0.0351009319237606,0.034690808924813465,237.8444444444443,236.51111111111126,50,2227265,0.125,0.7,0.5,0.15,0,0.01,0,0,0,0,0.2,0.45,0.2,0.14,0.01
0.034984508956134315,0.03558167149812165,0.03438734641414698,257.0800000000003,250.19111111111135,50,2092642,0.125,0.7,0.45,0.1,0,0,0,0,0,0,0.2,0.45,0.2,0.14,0.01
0.03504660292122371,0.03564346840017894,0.03444973744226848,256.8377777777782,249.9488888888892,50,1839234,0.125,0.65,0.45,0.15,0,0,0,0,0,0,0.2,0.45,0.2,0.14,0.01
0.03542941504297237,0.03563363929222882,0.03522519079371592,241.11777777777823,239.7844444444446,50,1593745,0.115,0.75,0.45,0.18,0,0.01,0,0,0,0,0.2,0.45,0.2,0.14,0.01
0.03561527591008693,0.0362116689391725,0.03501888288100136,260.9844444444448,254.09555555555542,50,2029290,0.125,0.7,0.4,0.15,0,0,0,0,0,0,0.2,0.45,0.2,0.14,0.01
0.03567935606654425,0.03627314660247871,0.035085565530609784,256.0377777777778,249.1488888888886,50,1063172,0.115,0.65,0.5,0.1,0,0.02,0,0,0,0,0.2,0.45,0.2,0.14,0.01
0.035726244227377725,0.03593115234602656,0.03552133610872889,243.07999999999993,241.74666666666639,50,1403689,0.115,0.7,0.5,0.18,0,0.01,0,0,0,0,0.2,0.45,0.2,0.14,0.01
0.035948945726674925,0.036542951553933695,0.035354939899416155,258.0755555555556,251.18666666666638,50,999820,0.115,0.65,0.45,0.15,0,0.02,0,0,0,0,0.2,0.45,0.2,0.14,0.01
0.035985554183240356,0.03619034748079596,0.03578076088568474,244.82444444444425,243.49111111111102,50,2417321,0.125,0.75,0.45,0.15,0,0.01,0,0,0,0,0.2,0.45,0.2,0.14,0.01
0.036382171468354346,0.03697636065291493,0.03578798228379376,261.40666666666664,254.51777777777747,50,1253228,0.115,0.7,0.45,0.1,0,0.02,0,0,0,0,0.2,0.45,0.2,0.14,0.01
0.03666207846193745,0.03686611000196213,0.03645804692191276,245.9266666666664,244.59333333333396,50,825602,0.105,0.75,0.5,0.18,0,0,0,0,0,0,0.2,0.45,0.2,0.14,0.01
0.03675583877563851,0.037349221746332734,0.03616245580494428,262.2333333333333,255.34444444444458,50,2678648,0.135,0.65,0.45,0.1,0,0.02,0,0,0,0,0.2,0.45,0.2,0.14,0.01
0.036814664710397675,0.037018483923767054,0.036610845497028296,254.626666666667,253.29333333333318,50,2235184,0.125,0.7,0.5,0.15,0,0.02,0,0,0,0,0.2,0.45,0.2,0.14,0.01
0.03681507297535315,0.037020746572284796,0.03660939937842151,251.90444444444438,250.57111111111115,50,3209221,0.135,0.75,0.4,0.18,0,0.01,0,0,0,0,0.2,0.45,0.2,0.14,0.01
0.036881598782301475,0.03747433762780304,0.036288859936799915,263.86888888888865,256.9800000000001,50,1443284,0.115,0.75,0.4,0.1,0,0.02,0,0,0,0,0.2,0.45,0.2,0.14,0.01
0.03694683122761179,0.03753995320464235,0.036353709250581234,264.0822222222223,257.1933333333334,50,1189876,0.115,0.7,0.4,0.15,0,0.02,0,0,0,0,0.2,0.45,0.2,0.14,0.01
0.03714845833076601,0.037353159695201865,0.036943756966330156,254.52444444444438,253.19111111111073,50,3019165,0.135,0.7,0.45,0.18,0,0.01,0,0,0,0,0.2,0.45,0.2,0.14,0.01
0.037159139055350066,0.03736396697963917,0.03695431113106097,256.4999999999999,255.16666666666677,50,2425240,0.125,0.75,0.45,0.15,0,0.02,0,0,0,0,0.2,0.45,0.2,0.14,0.01
0.037201616124861704,0.037798714069515724,0.036604518180207685,273.8333333333333,266.94444444444457,50,603870,0.105,0.75,0.4,0.15,0,0,0,0,0,0,0.2,0.45,0.2,0.14,0.01
0.037522437136958714,0.03772589366423384,0.0373189806096836,261.4311111111108,260.0977777777777,50,817683,0.105,0.75,0.5,0.15,0,0.03,0,0,0,0,0.2,0.45,0.2,0.14,0.01
0.03782305935300079,0.0384161727815783,0.037229945924423274,269.0955555555554,262.20666666666654,50,2615296,0.135,0.65,0.4,0.15,0,0.02,0,0,0,0,0.2,0.45,0.2,0.14,0.01
0.03793783357493984,0.03853125764439454,0.03734440950548515,274.4333333333335,267.5444444444441,50,1783801,0.125,0.65,0.4,0.18,0,0.01,0,0,0,0,0.2,0.45,0.2,0.14,0.01
0.038131605532689204,0.03833680585543069,0.037926405209947715,260.4488888888886,259.1155555555554,50,2829109,0.135,0.65,0.5,0.18,0,0.01,0,0,0,0,0.2,0.45,0.2,0.14,0.01
0.03836363524916277,0.03896010734821842,0.03776716315010712,282.5822222222224,275.6933333333334,50,413814,0.105,0.7,0.45,0.15,0,0,0,0,0,0,0.2,0.45,0.2,0.14,0.01
0.038422711431424526,0.0390189483733416,0.037826474489507454,283.1755555555549,276.28666666666663,50,667222,0.105,0.75,0.45,0.1,0,0,0,0,0,0,0.2,0.45,0.2,0.14,0.01
0.038540760378469735,0.03874481957279875,0.03833670118414071,265.8644444444451,264.53111111111116,50,2488592,0.125,0.75,0.5,0.1,0,0.02,0,0,0,0,0.2,0.45,0.2,0.14,0.01
0.038660991628379424,0.038864937877170685,0.03845704537958816,267.1622222222222,265.8288888888893,50,1411608,0.115,0.7,0.5,0.18,0,0.02,0,0,0,0,0.2,0.45,0.2,0.14,0.01
0.03866888266664528,0.03926581013378158,0.03807195519950899,285.1422222222221,278.2533333333332,50,223758,0.105,0.65,0.5,0.15,0,0,0,0,0,0,0.2,0.45,0.2,0.14,0.01
0.038685826309087276,0.03888988724442565,0.03848176537374891,261.2399999999998,259.9066666666665,50,1649178,0.115,0.75,0.5,0.15,0,0,0,0,0,0,0.2,0.45,0.2,0.14,0.01
0.038951760976053684,0.039544495083632586,0.03835902686847478,278.13777777777784,271.24888888888927,50,2868704,0.135,0.7,0.4,0.1,0,0.02,0,0,0,0,0.2,0.45,0.2,0.14,0.01
0.03896494424529356,0.0391682434993742,0.038761644991212915,268.0422222222221,266.7088888888889,50,1601664,0.115,0.75,0.45,0.18,0,0.02,0,0,0,0,0.2,0.45,0.2,0.14,0.01
0.03910167800183867,0.03930595761896396,0.038897398384713386,270.85555555555584,269.5222222222224,50,2837028,0.135,0.65,0.5,0.18,0,0.02,0,0,0,0,0.2,0.45,0.2,0.14,0.01
0.039376911788701535,0.03997268455307687,0.03878113902432619,289.7066666666663,282.81777777777774,50,477166,0.105,0.7,0.5,0.1,0,0,0,0,0,0,0.2,0.45,0.2,0.14,0.01
0.03954770553962554,0.03975182067581622,0.03934359040343486,273.7911111111111,272.45777777777835,50,3217140,0.135,0.75,0.4,0.18,0,0.02,0,0,0,0,0.2,0.45,0.2,0.14,0.01
0.039780493916741023,0.039984882847624095,0.03957610498585795,275.4999999999998,274.1666666666663,50,3027084,0.135,0.7,0.45,0.18,0,0.02,0,0,0,0,0.2,0.45,0.2,0.14,0.01
0.04036642739215225,0.04057030018331636,0.04016255460098815,281.6866666666666,280.35333333333284,50,2496511,0.125,0.75,0.5,0.1,0,0.03,0,0,0,0,0.2,0.45,0.2,0.14,0.01
0.040684807490923,0.041277938692714185,0.04009167628913181,295.2844444444446,288.3955555555555,50,1245309,0.115,0.7,0.45,0.1,0,0.01,0,0,0,0,0.2,0.45,0.2,0.14,0.01
0.040705486768938454,0.040910564026735305,0.04050040951114161,276.9644444444445,275.63111111111107,50,3328006,0.135,0.75,0.5,0.1,0,0,0,0,0,0,0.2,0.45,0.2,0.14,0.01
0.04070753902382823,0.04091222437395254,0.040502853673703924,277.0155555555554,275.682222222222,50,3264654,0.135,0.75,0.45,0.15,0,0,0,0,0,0,0.2,0.45,0.2,0.14,0.01
0.04080133260426238,0.04139461156507675,0.04020805364344801,296.79333333333346,289.90444444444415,50,991901,0.115,0.65,0.45,0.15,0,0.01,0,0,0,0,0.2,0.45,0.2,0.14,0.01
0.040825820078943975,0.041416285708742395,0.040235354449145555,287.7333333333332,280.84444444444466,50,944387,0.115,0.65,0.4,0.18,0,0.03,0,0,0,0,0.2,0.45,0.2,0.14,0.01
0.040826324640816244,0.041030823863841735,0.04062182541779076,277.3799999999997,276.0466666666667,50,2251022,0.125,0.7,0.5,0.18,0,0,0,0,0,0,0.2,0.45,0.2,0.14,0.01
0.04083276044725973,0.04142363340553861,0.04024188748898085,288.90000000000026,282.01111111111146,50,342543,0.105,0.7,0.4,0.15,0,0.03,0,0,0,0,0.2,0.45,0.2,0.14,0.01
0.04086088706156832,0.041065919119935304,0.04065585500320133,277.8955555555556,276.56222222222226,50,3074598,0.135,0.7,0.5,0.15,0,0,0,0,0,0,0.2,0.45,0.2,0.14,0.01
0.04092061167543837,0.04151157163959231,0.040329651711284435,289.3600000000002,282.471111111111,50,152487,0.105,0.65,0.45,0.15,0,0.03,0,0,0,0,0.2,0.45,0.2,0.14,0.01
0.04118310691990058,0.04177690862872283,0.04058930521107834,300.0266666666669,293.1377777777777,50,358381,0.105,0.7,0.4,0.18,0,0.01,0,0,0,0,0.2,0.45,0.2,0.14,0.01
0.04136244800215745,0.04156560890044692,0.041159287103867986,282.575555555556,281.24222222222244,50,833521,0.105,0.75,0.5,0.18,0,0.01,0,0,0,0,0.2,0.45,0.2,0.14,0.01
0.04138621411431358,0.041979273919757504,0.04079315430886964,298.71111111111117,291.82222222222185,50,2670729,0.135,0.65,0.45,0.1,0,0.01,0,0,0,0,0.2,0.45,0.2,0.14,0.01
0.04144730415168882,0.042040473472503684,0.04085413483087395,300.82888888888897,293.9399999999997,50,1435365,0.115,0.75,0.4,0.1,0,0.01,0,0,0,0,0.2,0.45,0.2,0.14,0.01
0.04161280570294655,0.04181620978161272,0.041409401624280376,284.5377777777778,283.20444444444485,50,1657097,0.115,0.75,0.5,0.15,0,0.01,0,0,0,0,0.2,0.45,0.2,0.14,0.01
0.04193163632943713,0.042136106342229564,0.0417271663166447,285.0244444444444,283.69111111111096,50,2441078,0.125,0.75,0.45,0.18,0,0,0,0,0,0,0.2,0.45,0.2,0.14,0.01
0.04208020158322941,0.042283635001479226,0.04187676816497958,294.10888888888917,292.7755555555553,50,2243103,0.125,0.7,0.5,0.15,0,0.03,0,0,0,0,0.2,0.45,0.2,0.14,0.01
0.042127887862193444,0.04233127259805534,0.04192450312633155,294.03999999999985,292.7066666666668,50,1419527,0.115,0.7,0.5,0.18,0,0.03,0,0,0,0,0.2,0.45,0.2,0.14,0.01
0.04213286638493041,0.04272565735958405,0.04154007541027677,306.15777777777777,299.2688888888891,50,168325,0.105,0.65,0.45,0.18,0,0.01,0,0,0,0,0.2,0.45,0.2,0.14,0.01
0.04217641894745437,0.04276914216638856,0.04158369572852019,305.4200000000001,298.53111111111076,50,1055253,0.115,0.65,0.5,0.1,0,0.01,0,0,0,0,0.2,0.45,0.2,0.14,0.01
0.04228983677488386,0.04288037803930461,0.04169929551046312,299.091111111111,292.2022222222221,50,405895,0.105,0.7,0.45,0.1,0,0.03,0,0,0,0,0.2,0.45,0.2,0.14,0.01
0.04236534645730883,0.042569377895686024,0.04216131501893164,295.68888888888875,294.3555555555552,50,2433159,0.125,0.75,0.45,0.15,0,0.03,0,0,0,0,0.2,0.45,0.2,0.14,0.01
0.04244197076761919,0.043032607698451165,0.04185133383678722,300.448888888889,293.5600000000004,50,595951,0.105,0.75,0.4,0.1,0,0.03,0,0,0,0,0.2,0.45,0.2,0.14,0.01
0.04257786969808998,0.043168325749762634,0.04198741364641733,301.9422222222222,295.0533333333334,50,215839,0.105,0.65,0.5,0.1,0,0.03,0,0,0,0,0.2,0.45,0.2,0.14,0.01
0.042769593109621855,0.042972707534774675,0.042566478684469035,298.01333333333343,296.6800000000002,50,2844947,0.135,0.65,0.5,0.18,0,0.03,0,0,0,0,0.2,0.45,0.2,0.14,0.01
0.04283251498856874,0.043036490706397,0.04262853927074049,295.7333333333333,294.40000000000066,50,3082517,0.135,0.7,0.5,0.15,0,0.01,0,0,0,0,0.2,0.45,0.2,0.14,0.01
0.04289036058631683,0.043483115892536554,0.0422976052800971,310.91333333333336,304.02444444444455,50,1181957,0.115,0.7,0.4,0.15,0,0.01,0,0,0,0,0.2,0.45,0.2,0.14,0.01
0.04299509372773165,0.04319802775545769,0.04279215970000561,300.4266666666668,299.09333333333285,50,1609583,0.115,0.75,0.45,0.18,0,0.03,0,0,0,0,0.2,0.45,0.2,0.14,0.01
0.04314940051846901,0.04373931452411406,0.042559486512823964,303.6088888888887,296.72000000000025,50,2021371,0.125,0.7,0.4,0.1,0,0.03,0,0,0,0,0.2,0.45,0.2,0.14,0.01
0.04317951095811026,0.04377165314127481,0.04258736877494571,310.8133333333333,303.9244444444442,50,2607377,0.135,0.65,0.4,0.15,0,0.01,0,0,0,0,0.2,0.45,0.2,0.14,0.01
0.04354713180975084,0.04375063459028887,0.04334362902921281,304.7111111111114,303.3777777777775,50,3225059,0.135,0.75,0.4,0.18,0,0.03,0,0,0,0,0.2,0.45,0.2,0.14,0.01
0.04358795588769847,0.04379190814322555,0.043384003632171396,304.79555555555555,303.4622222222221,50,3035003,0.135,0.7,0.45,0.18,0,0.03,0,0,0,0,0.2,0.45,0.2,0.14,0.01
0.04359936449818315,0.0438036241480109,0.0433951048483554,299.69555555555587,298.36222222222233,50,3272573,0.135,0.75,0.45,0.15,0,0.01,0,0,0,0,0.2,0.45,0.2,0.14,0.01
0.04372819154976493,0.04431968984888863,0.04313669325064123,315.1000000000001,308.21111111111117,50,2860785,0.135,0.7,0.4,0.1,0,0.01,0,0,0,0,0.2,0.45,0.2,0.14,0.01
0.044045502628139964,0.04424916101321795,0.04384184424306198,302.91333333333347,301.58000000000004,50,3335925,0.135,0.75,0.5,0.1,0,0.01,0,0,0,0,0.2,0.45,0.2,0.14,0.01
0.04406695486175077,0.044656756125686016,0.04347715359781554,310.7600000000001,303.87111111111153,50,1831315,0.125,0.65,0.45,0.1,0,0.03,0,0,0,0,0.2,0.45,0.2,0.14,0.01
0.04445990351627596,0.04466217397482239,0.04425763305772953,307.88,306.54666666666657,50,841440,0.105,0.75,0.5,0.18,0,0.02,0,0,0,0,0.2,0.45,0.2,0.14,0.01
0.044481098311024106,0.045073685814671,0.043888510807377205,324.4866666666669,317.5977777777776,50,1775882,0.125,0.65,0.4,0.18,0,0,0,0,0,0,0.2,0.45,0.2,0.14,0.01
0.04455696202882553,0.04514833890035733,0.043965585157293735,318.94222222222237,312.0533333333334,50,936468,0.115,0.65,0.4,0.18,0,0.02,0,0,0,0,0.2,0.45,0.2,0.14,0.01
0.044769943196778295,0.04497397696374642,0.04456590942981017,308.0733333333328,306.7399999999998,50,2258941,0.125,0.7,0.5,0.18,0,0.01,0,0,0,0,0.2,0.45,0.2,0.14,0.01
0.04494965047715036,0.045538859560382325,0.0443604413939184,316.0911111111113,309.2022222222223,50,1767963,0.125,0.65,0.4,0.15,0,0.03,0,0,0,0,0.2,0.45,0.2,0.14,0.01
0.045793542981779824,0.045997210806768295,0.04558987515679135,314.991111111111,313.6577777777779,50,2448997,0.125,0.75,0.45,0.18,0,0.01,0,0,0,0,0.2,0.45,0.2,0.14,0.01
0.046130217203292544,0.04672337409624517,0.04553706031033992,339.715555555556,332.82666666666694,50,350462,0.105,0.7,0.4,0.18,0,0,0,0,0,0,0.2,0.45,0.2,0.14,0.01
0.04622930947782665,0.046431798338228816,0.046026820617424476,320.03111111111116,318.69777777777784,50,1665016,0.115,0.75,0.5,0.15,0,0.02,0,0,0,0,0.2,0.45,0.2,0.14,0.01
0.04643384514602575,0.04702692471623496,0.04584076557581654,341.0577777777779,334.1688888888891,50,983982,0.115,0.65,0.45,0.15,0,0,0,0,0,0,0.2,0.45,0.2,0.14,0.01
0.04653707555856359,0.047128852795373745,0.04594529832175343,338.7088888888887,331.8199999999998,50,2662810,0.135,0.65,0.45,0.1,0,0,0,0,0,0,0.2,0.45,0.2,0.14,0.01
0.04662897604889588,0.04722171442586762,0.04603623767192415,342.28222222222263,335.39333333333343,50,1174038,0.115,0.7,0.4,0.15,0,0,0,0,0,0,0.2,0.45,0.2,0.14,0.01
0.04722029445855242,0.04781279537974288,0.04662779353736196,345.81111111111113,338.92222222222205,50,1427446,0.115,0.75,0.4,0.1,0,0,0,0,0,0,0.2,0.45,0.2,0.14,0.01
0.047269766045242564,0.04786208247343758,0.04667744961704754,345.1933333333334,338.3044444444444,50,1237390,0.115,0.7,0.45,0.1,0,0,0,0,0,0,0.2,0.45,0.2,0.14,0.01
0.04751351970412028,0.047716641092815974,0.047310398315424586,330.217777777778,328.88444444444417,50,3090436,0.135,0.7,0.5,0.15,0,0.02,0,0,0,0,0.2,0.45,0.2,0.14,0.01
0.047648225082762535,0.04785145299987827,0.047444997165646804,331.78000000000054,330.4466666666667,50,3343844,0.135,0.75,0.5,0.1,0,0.02,0,0,0,0,0.2,0.45,0.2,0.14,0.01
0.04778825249773742,0.04799010859759953,0.047586396397875305,334.11777777777763,332.7844444444444,50,849359,0.105,0.75,0.5,0.18,0,0.03,0,0,0,0,0.2,0.45,0.2,0.14,0.01
0.047826074231444804,0.04802897121129338,0.047623177251596226,332.2355555555553,330.9022222222223,50,3280492,0.135,0.75,0.45,0.15,0,0.02,0,0,0,0,0.2,0.45,0.2,0.14,0.01
0.04805647570464115,0.04864602967682931,0.047466921732452996,344.5599999999999,337.6711111111108,50,334624,0.105,0.7,0.4,0.15,0,0.02,0,0,0,0,0.2,0.45,0.2,0.14,0.01
0.048084568519900894,0.04867406596571615,0.04749507107408563,343.1200000000001,336.2311111111115,50,1760044,0.125,0.65,0.4,0.15,0,0.02,0,0,0,0,0.2,0.45,0.2,0.14,0.01
0.04815309811613172,0.04874456021759199,0.047561636014671456,349.38222222222197,342.4933333333333,50,2599458,0.135,0.65,0.4,0.15,0,0,0,0,0,0,0.2,0.45,0.2,0.14,0.01
0.04826728305435096,0.048856727351837576,0.04767783875686435,345.65555555555534,338.76666666666665,50,144568,0.105,0.65,0.45,0.15,0,0.02,0,0,0,0,0.2,0.45,0.2,0.14,0.01
0.04829292965011513,0.048882199318716894,0.047703659981513366,345.1244444444441,338.23555555555566,50,2013452,0.125,0.7,0.4,0.1,0,0.02,0,0,0,0,0.2,0.45,0.2,0.14,0.01
0.04832313635045467,0.04891552717321129,0.04773074552769804,353.8866666666667,346.99777777777786,50,1047334,0.115,0.65,0.5,0.1,0,0,0,0,0,0,0.2,0.45,0.2,0.14,0.01
0.04836288690268062,0.04856578018574256,0.048159993619618674,336.07111111111146,334.7377777777774,50,2456916,0.125,0.75,0.45,0.18,0,0.02,0,0,0,0,0.2,0.45,0.2,0.14,0.01
0.04845690493115279,0.04865965327549895,0.04825415658680664,330.1111111111111,328.77777777777766,50,1680854,0.115,0.75,0.5,0.18,0,0,0,0,0,0,0.2,0.45,0.2,0.14,0.01
0.0484808727551552,0.04907362368621961,0.04788812182409078,356.8044444444447,349.91555555555584,50,160406,0.105,0.65,0.45,0.18,0,0,0,0,0,0,0.2,0.45,0.2,0.14,0.01
0.04867032978236562,0.04925993320778132,0.048080726356949925,348.3577777777775,341.4688888888887,50,397976,0.105,0.7,0.45,0.1,0,0.02,0,0,0,0,0.2,0.45,0.2,0.14,0.01
0.04903624513625277,0.049239822099671114,0.04883266817283443,335.0177777777783,333.6844444444444,50,2504430,0.125,0.75,0.5,0.15,0,0,0,0,0,0,0.2,0.45,0.2,0.14,0.01
0.0490468389897028,0.04963741654108813,0.04845626143831747,354.9422222222222,348.05333333333306,50,2852866,0.135,0.7,0.4,0.1,0,0,0,0,0,0,0.2,0.45,0.2,0.14,0.01
0.04908531902592132,0.04967453555668268,0.04849610249515996,351.28222222222223,344.39333333333394,50,207920,0.105,0.65,0.5,0.1,0,0.02,0,0,0,0,0.2,0.45,0.2,0.14,0.01
0.04960531092892098,0.05019401449120978,0.04901660736663217,353.32444444444445,346.43555555555554,50,1823396,0.125,0.65,0.45,0.1,0,0.02,0,0,0,0,0.2,0.45,0.2,0.14,0.01
0.05004589647714459,0.050248541961501206,0.04984325099278797,347.83333333333326,346.5000000000001,50,2266860,0.125,0.7,0.5,0.18,0,0.02,0,0,0,0,0.2,0.45,0.2,0.14,0.01
0.05024771150615845,0.05044980303443368,0.05004561997788321,352.19999999999993,350.8666666666671,50,1672935,0.115,0.75,0.5,0.15,0,0.03,0,0,0,0,0.2,0.45,0.2,0.14,0.01
0.05035664324132335,0.05094528956439632,0.04976799691825038,359.71111111111117,352.8222222222221,50,588032,0.105,0.75,0.4,0.1,0,0.02,0,0,0,0,0.2,0.45,0.2,0.14,0.01
0.05080016508407286,0.05139029627441819,0.05021003389372753,366.80222222222244,359.91333333333296,50,928549,0.115,0.65,0.4,0.18,0,0.01,0,0,0,0,0.2,0.45,0.2,0.14,0.01
0.051735074213093174,0.05232171073357829,0.05114843769260805,364.84666666666664,357.9577777777778,50,89135,0.105,0.65,0.4,0.18,0,0.03,0,0,0,0,0.2,0.45,0.2,0.14,0.01
0.052469615950238746,0.05267295837996249,0.052266273520515,360.44444444444434,359.1111111111116,50,3106274,0.135,0.7,0.5,0.18,0,0,0,0,0,0,0.2,0.45,0.2,0.14,0.01
0.05259606695251199,0.05279822046460408,0.0523939134404199,362.551111111111,361.21777777777737,50,1688773,0.115,0.75,0.5,0.18,0,0.01,0,0,0,0,0.2,0.45,0.2,0.14,0.01
0.05263325248755078,0.05283563440894589,0.052430870566155675,370.0000000000005,368.6666666666667,50,3288411,0.135,0.75,0.45,0.15,0,0.03,0,0,0,0,0.2,0.45,0.2,0.14,0.01
0.05286013748049016,0.05306325734665776,0.05265701761432256,371.7155555555558,370.3822222222227,50,3351763,0.135,0.75,0.5,0.1,0,0.03,0,0,0,0,0.2,0.45,0.2,0.14,0.01
0.0532882138816308,0.05349055517300563,0.053085872590255954,367.95777777777795,366.62444444444435,50,2512349,0.125,0.75,0.5,0.15,0,0.01,0,0,0,0,0.2,0.45,0.2,0.14,0.01
0.0535470839561605,0.0537497441954711,0.0533444237168499,376.2666666666663,374.9333333333334,50,3098355,0.135,0.7,0.5,0.15,0,0.03,0,0,0,0,0.2,0.45,0.2,0.14,0.01
0.053624622130746195,0.05382822823775821,0.05342101602373418,368.8422222222223,367.5088888888888,50,3296330,0.135,0.75,0.45,0.18,0,0,0,0,0,0,0.2,0.45,0.2,0.14,0.01
0.05370542948849627,0.05429363942905212,0.053117219547940416,386.07111111111107,379.1822222222224,50,1815477,0.125,0.65,0.45,0.1,0,0.01,0,0,0,0,0.2,0.45,0.2,0.14,0.01
0.05401114624508816,0.05460058010447953,0.05342171238569679,391.7622222222223,384.8733333333331,50,200001,0.105,0.65,0.5,0.1,0,0.01,0,0,0,0,0.2,0.45,0.2,0.14,0.01
0.05425148187363499,0.05483979207530494,0.05366317167196503,389.91333333333336,383.0244444444445,50,2005533,0.125,0.7,0.4,0.1,0,0.01,0,0,0,0,0.2,0.45,0.2,0.14,0.01
0.05469009044573833,0.0552787153708287,0.05410146552064796,395.2155555555553,388.3266666666662,50,136649,0.105,0.65,0.45,0.15,0,0.01,0,0,0,0,0.2,0.45,0.2,0.14,0.01
0.054867013032824465,0.055068887844331095,0.054665138221317834,385.86888888888876,384.53555555555545,50,2464835,0.125,0.75,0.45,0.18,0,0.03,0,0,0,0,0.2,0.45,0.2,0.14,0.01
0.054960120202399036,0.05554869967383243,0.054371540730965645,398.0888888888888,391.1999999999997,50,390057,0.105,0.7,0.45,0.1,0,0.01,0,0,0,0,0.2,0.45,0.2,0.14,0.01
0.055111994855543606,0.05570017928856571,0.054523810422521496,396.40666666666664,389.51777777777767,50,1752125,0.125,0.65,0.4,0.15,0,0.01,0,0,0,0,0.2,0.45,0.2,0.14,0.01
0.05517764184301539,0.05576398316385513,0.05459130052217566,390.71777777777766,383.8288888888888,50,1166119,0.115,0.7,0.4,0.1,0,0.03,0,0,0,0,0.2,0.45,0.2,0.14,0.01
0.05563677983873506,0.0562252845001123,0.05504827517735782,402.2977777777774,395.4088888888889,50,326705,0.105,0.7,0.4,0.15,0,0.01,0,0,0,0,0.2,0.45,0.2,0.14,0.01
0.055722370103894595,0.05630807058138454,0.05513666962640464,393.07777777777744,386.18888888888927,50,976063,0.115,0.65,0.45,0.1,0,0.03,0,0,0,0,0.2,0.45,0.2,0.14,0.01
0.05591743525140708,0.056503077072421255,0.055331793430392906,394.8000000000002,387.911111111111,50,912711,0.115,0.65,0.4,0.15,0,0.03,0,0,0,0,0.2,0.45,0.2,0.14,0.01
0.05621391136610369,0.05641578944769091,0.05601203328451646,395.95111111111106,394.6177777777778,50,2274779,0.125,0.7,0.5,0.18,0,0.03,0,0,0,0,0.2,0.45,0.2,0.14,0.01
0.056378877174485705,0.05696707155825003,0.05579068279072138,406.97555555555533,400.0866666666664,50,580113,0.105,0.75,0.4,0.1,0,0.01,0,0,0,0,0.2,0.45,0.2,0.14,0.01
0.05708568412509056,0.05767504186471067,0.056496326385470454,416.21333333333337,409.32444444444457,50,920630,0.115,0.65,0.4,0.18,0,0,0,0,0,0,0.2,0.45,0.2,0.14,0.01
0.057552643562595644,0.058138616871670275,0.056966670253521014,411.3577777777778,404.468888888889,50,81216,0.105,0.65,0.4,0.18,0,0.02,0,0,0,0,0.2,0.45,0.2,0.14,0.01
0.05758190624234462,0.057783543681683404,0.05738026880300584,400.92888888888956,399.5955555555551,50,3304249,0.135,0.75,0.45,0.18,0,0.01,0,0,0,0,0.2,0.45,0.2,0.14,0.01
0.05788015304930477,0.05808251688964811,0.05767778920896143,401.7955555555553,400.4622222222223,50,3114193,0.135,0.7,0.5,0.18,0,0.01,0,0,0,0,0.2,0.45,0.2,0.14,0.01
0.05876631665934134,0.05935001541088351,0.05818261790779917,412.768888888889,405.8799999999998,50,2591539,0.135,0.65,0.4,0.1,0,0.03,0,0,0,0,0.2,0.45,0.2,0.14,0.01
0.05882491421334332,0.05941278885215015,0.058237039574536485,427.4088888888887,420.5200000000002,50,1807558,0.125,0.65,0.45,0.1,0,0,0,0,0,0,0.2,0.45,0.2,0.14,0.01
0.05899983197210307,0.05920145473226398,0.05879820921194215,413.12888888888887,411.79555555555544,50,2520268,0.125,0.75,0.5,0.15,0,0.02,0,0,0,0,0.2,0.45,0.2,0.14,0.01
0.05950028346175513,0.05970156605828366,0.059299000865226596,415.81777777777774,414.4844444444447,50,1696692,0.115,0.75,0.5,0.18,0,0.02,0,0,0,0,0.2,0.45,0.2,0.14,0.01
0.06033356817197508,0.060920534414904005,0.05974660192904614,437.1888888888891,430.29999999999995,50,1744206,0.125,0.65,0.4,0.15,0,0,0,0,0,0,0.2,0.45,0.2,0.14,0.01
0.06059375398806065,0.061179065017828736,0.060008442958292565,432.55555555555515,425.66666666666646,50,904792,0.115,0.65,0.4,0.15,0,0.02,0,0,0,0,0.2,0.45,0.2,0.14,0.01
0.06122384592061796,0.06181051932878624,0.06063717251244968,442.89111111111146,436.002222222222,50,1997614,0.125,0.7,0.4,0.1,0,0,0,0,0,0,0.2,0.45,0.2,0.14,0.01
0.061492836561332184,0.06207788441869698,0.06090778870396739,439.3399999999999,432.45111111111083,50,968144,0.115,0.65,0.45,0.1,0,0.02,0,0,0,0,0.2,0.45,0.2,0.14,0.01
0.06179830736002075,0.0623855994011658,0.061211015318875704,449.88444444444445,442.9955555555559,50,572194,0.105,0.75,0.4,0.1,0,0,0,0,0,0,0.2,0.45,0.2,0.14,0.01
0.06185971901821936,0.062447503172084855,0.06127193486435386,450.3200000000002,443.4311111111114,50,382138,0.105,0.7,0.45,0.1,0,0,0,0,0,0,0.2,0.45,0.2,0.14,0.01
0.06198442823861234,0.06257168153734319,0.06139717493988149,450.88444444444434,443.99555555555565,50,318786,0.105,0.7,0.4,0.15,0,0,0,0,0,0,0.2,0.45,0.2,0.14,0.01
0.06199161578991254,0.06219384108820805,0.061789390491617024,429.0666666666671,427.73333333333295,50,3359682,0.135,0.75,0.5,0.15,0,0,0,0,0,0,0.2,0.45,0.2,0.14,0.01
0.06243403901354215,0.06302151096991487,0.06184656705716943,454.41333333333307,447.52444444444455,50,128730,0.105,0.65,0.45,0.15,0,0,0,0,0,0,0.2,0.45,0.2,0.14,0.01
0.06253696367577573,0.06273888658744103,0.062335040764110415,439.49777777777786,438.1644444444442,50,3312168,0.135,0.75,0.45,0.18,0,0.02,0,0,0,0,0.2,0.45,0.2,0.14,0.01
0.06315288105993039,0.06373644134364889,0.06256932077621188,448.9555555555559,442.066666666667,50,1158200,0.115,0.7,0.4,0.1,0,0.02,0,0,0,0,0.2,0.45,0.2,0.14,0.01
0.06352278022646751,0.06410951672197579,0.06293604373095925,462.41111111111087,455.522222222222,50,192082,0.105,0.65,0.5,0.1,0,0,0,0,0,0,0.2,0.45,0.2,0.14,0.01
0.0636564677002439,0.06385857652977027,0.06345435887071753,440.64444444444445,439.31111111111073,50,2536106,0.125,0.75,0.5,0.18,0,0,0,0,0,0,0.2,0.45,0.2,0.14,0.01
0.06384777861722485,0.06404967651415892,0.06364588072029076,448.0888888888883,446.7555555555556,50,3122112,0.135,0.7,0.5,0.18,0,0.02,0,0,0,0,0.2,0.45,0.2,0.14,0.01
0.06502495513482145,0.06560763551681763,0.0644422747528253,461.1555555555556,454.26666666666654,50,2583620,0.135,0.65,0.4,0.1,0,0.02,0,0,0,0,0.2,0.45,0.2,0.14,0.01
0.06593107362463911,0.06651596622872595,0.06534618102055227,475.2977777777777,468.40888888888884,50,73297,0.105,0.65,0.4,0.18,0,0.01,0,0,0,0,0.2,0.45,0.2,0.14,0.01
0.06610269467882682,0.06630266302076872,0.06590272633688493,467.24222222222244,465.90888888888935,50,1704611,0.115,0.75,0.5,0.18,0,0.03,0,0,0,0,0.2,0.45,0.2,0.14,0.01
0.06611563973136284,0.06669810494782648,0.0655331745148992,468.6111111111111,461.7222222222216,50,57459,0.105,0.65,0.4,0.15,0,0.03,0,0,0,0,0.2,0.45,0.2,0.14,0.01
0.06619423469151206,0.06677867442726546,0.06560979495575868,475.1666666666666,468.2777777777775,50,1150281,0.115,0.7,0.4,0.1,0,0.01,0,0,0,0,0.2,0.45,0.2,0.14,0.01
0.06664195767923509,0.06684272505412754,0.06644119030434265,471.7155555555555,470.38222222222186,50,2528187,0.125,0.75,0.5,0.15,0,0.03,0,0,0,0,0.2,0.45,0.2,0.14,0.01
0.06707708719056324,0.06765887949940945,0.06649529488171704,474.2822222222225,467.39333333333366,50,120811,0.105,0.65,0.45,0.1,0,0.03,0,0,0,0,0.2,0.45,0.2,0.14,0.01
0.06732666047649974,0.0679108200266216,0.06674250092637789,483.52444444444427,476.63555555555547,50,960225,0.115,0.65,0.45,0.1,0,0.01,0,0,0,0,0.2,0.45,0.2,0.14,0.01
0.06737837121992082,0.06796060232042671,0.06679614011941495,476.948888888889,470.0599999999996,50,310867,0.105,0.7,0.4,0.1,0,0.03,0,0,0,0,0.2,0.45,0.2,0.14,0.01
0.06768588499159708,0.06788681371217886,0.06748495627101529,478.8555555555561,477.5222222222223,50,3320087,0.135,0.75,0.45,0.18,0,0.03,0,0,0,0,0.2,0.45,0.2,0.14,0.01
0.06779206170960106,0.06837596402170862,0.06720815939749351,487.3577777777778,480.4688888888889,50,896873,0.115,0.65,0.4,0.15,0,0.01,0,0,0,0,0.2,0.45,0.2,0.14,0.01
0.0681993276421966,0.06840033313296245,0.06799832215143074,477.3888888888887,476.05555555555617,50,3367601,0.135,0.75,0.5,0.15,0,0.01,0,0,0,0,0.2,0.45,0.2,0.14,0.01
0.0688500211648789,0.06905041392990922,0.06864962839984856,487.16666666666674,485.8333333333333,50,3130031,0.135,0.7,0.5,0.18,0,0.03,0,0,0,0,0.2,0.45,0.2,0.14,0.01
0.06889436756816175,0.06909545932345017,0.06869327581287334,481.4644444444449,480.13111111111084,50,2544025,0.125,0.75,0.5,0.18,0,0.01,0,0,0,0,0.2,0.45,0.2,0.14,0.01
0.07033970333959377,0.0709202324350639,0.06975917424412363,496.31111111111136,489.4222222222222,50,1736287,0.125,0.65,0.4,0.1,0,0.03,0,0,0,0,0.2,0.45,0.2,0.14,0.01
0.07120498600621228,0.07178674860863159,0.07062322340379298,509.0822222222226,502.1933333333333,50,2575701,0.135,0.65,0.4,0.1,0,0.01,0,0,0,0,0.2,0.45,0.2,0.14,0.01
0.07185090551112026,0.07243479178471632,0.07126701923752421,521.6044444444442,514.7155555555556,50,65378,0.105,0.65,0.4,0.18,0,0,0,0,0,0,0.2,0.45,0.2,0.14,0.01
0.0725775983793272,0.07277857333954817,0.07237662341910622,511.85333333333324,510.51999999999975,50,3375520,0.135,0.75,0.5,0.15,0,0.02,0,0,0,0,0.2,0.45,0.2,0.14,0.01
0.07291383084562394,0.0734940710850989,0.072333590606149,519.3733333333336,512.4844444444442,50,49540,0.105,0.65,0.4,0.15,0,0.02,0,0,0,0,0.2,0.45,0.2,0.14,0.01
0.0729664983314933,0.07354726173370875,0.07238573492927784,520.3288888888886,513.44,50,302948,0.105,0.7,0.4,0.1,0,0.02,0,0,0,0,0.2,0.45,0.2,0.14,0.01
0.07341495381459545,0.07399631327933436,0.07283359434985653,524.4822222222224,517.593333333333,50,112892,0.105,0.65,0.45,0.1,0,0.02,0,0,0,0,0.2,0.45,0.2,0.14,0.01
0.07344886738586615,0.07364883953738074,0.07324889523435153,516.5800000000002,515.246666666667,50,2551944,0.125,0.75,0.5,0.18,0,0.02,0,0,0,0,0.2,0.45,0.2,0.14,0.01
0.07362294944460014,0.07420602809197738,0.0730398707972229,533.1444444444443,526.2555555555555,50,888954,0.115,0.65,0.4,0.15,0,0,0,0,0,0,0.2,0.45,0.2,0.14,0.01
0.07379923360063381,0.07438187830870607,0.07321658889256155,533.4888888888889,526.5999999999998,50,1142362,0.115,0.7,0.4,0.1,0,0,0,0,0,0,0.2,0.45,0.2,0.14,0.01
0.07395888013008453,0.0745415264524876,0.07337623380768145,534.7377777777776,527.8488888888887,50,952306,0.115,0.65,0.45,0.1,0,0,0,0,0,0,0.2,0.45,0.2,0.14,0.01
0.07459898951480676,0.07517899583809733,0.07401898319151617,530.0977777777775,523.2088888888887,50,1728368,0.125,0.65,0.4,0.1,0,0.02,0,0,0,0,0.2,0.45,0.2,0.14,0.01
0.07506837757495766,0.07564986175939918,0.07448689339051613,539.4244444444447,532.5355555555554,50,2567782,0.135,0.65,0.4,0.1,0,0,0,0,0,0,0.2,0.45,0.2,0.14,0.01
0.07844418589574365,0.07830289631876229,0.07858547547272499,545.4377777777775,547.4466666666661,50,3391358,0.135,0.75,0.5,0.18,0,0,0,0,0,0,0.2,0.45,0.2,0.14,0.01
0.07886245571392644,0.07906163990774345,0.07866327152010942,559.4400000000003,558.1066666666671,50,3383439,0.135,0.75,0.5,0.15,0,0.03,0,0,0,0,0.2,0.45,0.2,0.14,0.01
0.07889431078080292,0.07947454625368171,0.07831407530792414,567.3511111111108,560.4622222222225,50,41621,0.105,0.65,0.4,0.15,0,0.01,0,0,0,0,0.2,0.45,0.2,0.14,0.01
0.08024682896603572,0.08044661331960601,0.08004704461246541,569.5155555555556,568.182222222222,50,2559863,0.125,0.75,0.5,0.18,0,0.03,0,0,0,0,0.2,0.45,0.2,0.14,0.01
0.08038121525117732,0.08096076723215652,0.07980166327019812,577.2133333333333,570.3244444444448,50,295029,0.105,0.7,0.4,0.1,0,0.01,0,0,0,0,0.2,0.45,0.2,0.14,0.01
0.08082690034340073,0.08140600570379491,0.08024779498300655,578.6088888888884,571.7200000000001,50,1720449,0.125,0.65,0.4,0.1,0,0.01,0,0,0,0,0.2,0.45,0.2,0.14,0.01
0.08151869407132063,0.0820956246085989,0.08094176353404237,576.1355555555555,569.2466666666668,50,881035,0.115,0.65,0.4,0.1,0,0.03,0,0,0,0,0.2,0.45,0.2,0.14,0.01
0.08173591805361637,0.08231524706245393,0.0811565890447788,586.8866666666663,579.9977777777779,50,104973,0.105,0.65,0.45,0.1,0,0.01,0,0,0,0,0.2,0.45,0.2,0.14,0.01
0.08374747587163822,0.08363091554938529,0.08386403619389116,587.7666666666667,589.5266666666668,50,3399277,0.135,0.75,0.5,0.18,0,0.01,0,0,0,0,0.2,0.45,0.2,0.14,0.01
0.08489707744418018,0.08547577045844153,0.08431838442991885,613.3688888888885,606.4799999999999,50,33702,0.105,0.65,0.4,0.15,0,0,0,0,0,0,0.2,0.45,0.2,0.14,0.01
0.08580874598578372,0.08638830027423945,0.08522919169732801,621.0400000000005,614.1511111111114,50,97054,0.105,0.65,0.45,0.1,0,0,0,0,0,0,0.2,0.45,0.2,0.14,0.01
0.08685220278510689,0.0874296492988603,0.08627475627135346,624.431111111111,617.5422222222219,50,1712530,0.125,0.65,0.4,0.1,0,0,0,0,0,0,0.2,0.45,0.2,0.14,0.01
0.08730294128963152,0.08787868164003962,0.08672720093922343,621.1377777777777,614.2488888888885,50,873116,0.115,0.65,0.4,0.1,0,0.02,0,0,0,0,0.2,0.45,0.2,0.14,0.01
0.08755455500184739,0.08813308769242913,0.08697602231126564,632.8511111111113,625.9622222222223,50,287110,0.105,0.7,0.4,0.1,0,0,0,0,0,0,0.2,0.45,0.2,0.14,0.01
0.089210420872148,0.08896661432740015,0.08945422741689588,628.5688888888888,631.5688888888885,50,3407196,0.135,0.75,0.5,0.18,0,0.02,0,0,0,0,0.2,0.45,0.2,0.14,0.01
0.0920927444689405,0.09266541600079167,0.09152007293708933,651.4333333333329,644.5444444444445,50,25783,0.105,0.65,0.4,0.1,0,0.03,0,0,0,0,0.2,0.45,0.2,0.14,0.01
0.09292723593414073,0.09288798560684608,0.09296648626143539,659.6377777777784,660.6244444444444,50,3415115,0.135,0.75,0.5,0.18,0,0.03,0,0,0,0,0.2,0.45,0.2,0.14,0.01
0.09320769742252633,0.09378259571634578,0.09263279912870688,667.2155555555552,660.3266666666665,50,865197,0.115,0.65,0.4,0.1,0,0.01,0,0,0,0,0.2,0.45,0.2,0.14,0.01
0.09804092754023463,0.09861494427105935,0.0974669108094099,704.8533333333335,697.9644444444444,50,857278,0.115,0.65,0.4,0.1,0,0,0,0,0,0,0.2,0.45,0.2,0.14,0.01
0.09957906465434915,0.10015024038649946,0.09900788892219883,708.6599999999999,701.7711111111108,50,17864,0.105,0.65,0.4,0.1,0,0.02,0,0,0,0,0.2,0.45,0.2,0.14,0.01
0.10590887380642171,0.10647936517454673,0.10533838243829668,758.2444444444441,751.3555555555554,50,9945,0.105,0.65,0.4,0.1,0,0.01,0,0,0,0,0.2,0.45,0.2,0.14,0.01
0.1102423291436207,0.11081313491117806,0.10967152337606335,794.2133333333336,787.3244444444443,50,2026,0.105,0.65,0.4,0.1,0,0,0,0,0,0,0.2,0.45,0.2,0.14,0.01
